This is pdfTeX, Version 3.141592653-2.6-1.40.27 (TeX Live 2025) (preloaded format=pdflatex 2025.11.16)  17 JAN 2026 12:21
entering extended mode
 \write18 enabled.
 %&-line parsing enabled.
**thesis.tex
(./thesis.tex
LaTeX2e <2024-11-01> patch level 2
L3 programming layer <2025-01-18>
(./fithesis4.cls
Document Class: fithesis4 2025/08/11 v1.1.2 fithesis4 MU thesis class
(/usr/local/texlive/2025/texmf-dist/tex/latex/ntgclass/rapport3.cls
Document Class: rapport3 2023-01-10 v2.1f NTG LaTeX document class
(/usr/local/texlive/2025/texmf-dist/tex/latex/ntgclass/ntg10.clo
File: ntg10.clo 2023-01-10 v2.1f NTG LaTeX file (size option)
)
\unitindent=\dimen141
\othermargin=\dimen142
\c@part=\count196
\c@chapter=\count197
\c@section=\count198
\c@subsection=\count199
\c@subsubsection=\count266
\c@paragraph=\count267
\c@subparagraph=\count268
\c@figure=\count269
\c@table=\count270
\abovecaptionskip=\skip49
\belowcaptionskip=\skip50
LaTeX Info: Redefining \em on input line 818.
\bibindent=\dimen143
)
(/usr/local/texlive/2025/texmf-dist/tex/latex/graphics/keyval.sty
Package: keyval 2022/05/29 v1.15 key=value parser (DPC)
\KV@toks@=\toks17
)
(/usr/local/texlive/2025/texmf-dist/tex/latex/etoolbox/etoolbox.sty
Package: etoolbox 2025/02/11 v2.5l e-TeX tools for LaTeX (JAW)
\etb@tempcnta=\count271
)
(/usr/local/texlive/2025/texmf-dist/tex/generic/ltxcmds/ltxcmds.sty
Package: ltxcmds 2023-12-04 v1.26 LaTeX kernel commands for general use (HO)
)
(/usr/local/texlive/2025/texmf-dist/tex/generic/iftex/ifxetex.sty
Package: ifxetex 2019/10/25 v0.7 ifxetex legacy package. Use iftex instead.

(/usr/local/texlive/2025/texmf-dist/tex/generic/iftex/iftex.sty
Package: iftex 2024/12/12 v1.0g TeX engine tests
))
(/usr/local/texlive/2025/texmf-dist/tex/generic/iftex/ifluatex.sty
Package: ifluatex 2019/10/25 v1.5 ifluatex legacy package. Use iftex instead.
)
(/usr/local/texlive/2025/texmf-dist/tex/latex/base/inputenc.sty
Package: inputenc 2024/02/08 v1.3d Input encoding file
\inpenc@prehook=\toks18
\inpenc@posthook=\toks19
)
(/usr/local/texlive/2025/texmf-dist/tex/latex/xpatch/xpatch.sty
(/usr/local/texlive/2025/texmf-dist/tex/latex/l3kernel/expl3.sty
Package: expl3 2025-01-18 L3 programming layer (loader) 

(/usr/local/texlive/2025/texmf-dist/tex/latex/l3backend/l3backend-pdftex.def
File: l3backend-pdftex.def 2024-05-08 L3 backend support: PDF output (pdfTeX)
\l__color_backend_stack_int=\count272
\l__pdf_internal_box=\box52
))
Package: xpatch 2020/03/25 v0.3a Extending etoolbox patching commands

(/usr/local/texlive/2025/texmf-dist/tex/latex/l3packages/xparse/xparse.sty
Package: xparse 2024-08-16 L3 Experimental document command parser
))
\@month=\count273
\@year=\count274
)
(/usr/local/texlive/2025/texmf-dist/tex/latex/cmap/cmap.sty
Package: cmap 2021/02/06 v1.0j CMap support: searchable PDF
)
(/usr/local/texlive/2025/texmf-dist/tex/latex/base/fontenc.sty
Package: fontenc 2021/04/29 v2.0v Standard LaTeX package

(/usr/local/texlive/2025/texmf-dist/tex/latex/cyrillic/t2aenc.def
File: t2aenc.def 2023/11/07 v1.0k Cyrillic encoding definition file
Now handling font encoding T2A ...
... processing UTF-8 mapping file for font encoding T2A

(/usr/local/texlive/2025/texmf-dist/tex/latex/base/t2aenc.dfu
File: t2aenc.dfu 2022/06/07 v1.3c UTF-8 support
   defining Unicode char U+00A4 (decimal 164)
   defining Unicode char U+00A7 (decimal 167)
   defining Unicode char U+00AB (decimal 171)
   defining Unicode char U+00BB (decimal 187)
   defining Unicode char U+0131 (decimal 305)
   defining Unicode char U+0237 (decimal 567)
   defining Unicode char U+0400 (decimal 1024)
   defining Unicode char U+0401 (decimal 1025)
   defining Unicode char U+0402 (decimal 1026)
   defining Unicode char U+0403 (decimal 1027)
   defining Unicode char U+0404 (decimal 1028)
   defining Unicode char U+0405 (decimal 1029)
   defining Unicode char U+0406 (decimal 1030)
   defining Unicode char U+0407 (decimal 1031)
   defining Unicode char U+0408 (decimal 1032)
   defining Unicode char U+0409 (decimal 1033)
   defining Unicode char U+040A (decimal 1034)
   defining Unicode char U+040B (decimal 1035)
   defining Unicode char U+040C (decimal 1036)
   defining Unicode char U+040D (decimal 1037)
   defining Unicode char U+040E (decimal 1038)
   defining Unicode char U+040F (decimal 1039)
   defining Unicode char U+0410 (decimal 1040)
   defining Unicode char U+0411 (decimal 1041)
   defining Unicode char U+0412 (decimal 1042)
   defining Unicode char U+0413 (decimal 1043)
   defining Unicode char U+0414 (decimal 1044)
   defining Unicode char U+0415 (decimal 1045)
   defining Unicode char U+0416 (decimal 1046)
   defining Unicode char U+0417 (decimal 1047)
   defining Unicode char U+0418 (decimal 1048)
   defining Unicode char U+0419 (decimal 1049)
   defining Unicode char U+041A (decimal 1050)
   defining Unicode char U+041B (decimal 1051)
   defining Unicode char U+041C (decimal 1052)
   defining Unicode char U+041D (decimal 1053)
   defining Unicode char U+041E (decimal 1054)
   defining Unicode char U+041F (decimal 1055)
   defining Unicode char U+0420 (decimal 1056)
   defining Unicode char U+0421 (decimal 1057)
   defining Unicode char U+0422 (decimal 1058)
   defining Unicode char U+0423 (decimal 1059)
   defining Unicode char U+0424 (decimal 1060)
   defining Unicode char U+0425 (decimal 1061)
   defining Unicode char U+0426 (decimal 1062)
   defining Unicode char U+0427 (decimal 1063)
   defining Unicode char U+0428 (decimal 1064)
   defining Unicode char U+0429 (decimal 1065)
   defining Unicode char U+042A (decimal 1066)
   defining Unicode char U+042B (decimal 1067)
   defining Unicode char U+042C (decimal 1068)
   defining Unicode char U+042D (decimal 1069)
   defining Unicode char U+042E (decimal 1070)
   defining Unicode char U+042F (decimal 1071)
   defining Unicode char U+0430 (decimal 1072)
   defining Unicode char U+0431 (decimal 1073)
   defining Unicode char U+0432 (decimal 1074)
   defining Unicode char U+0433 (decimal 1075)
   defining Unicode char U+0434 (decimal 1076)
   defining Unicode char U+0435 (decimal 1077)
   defining Unicode char U+0436 (decimal 1078)
   defining Unicode char U+0437 (decimal 1079)
   defining Unicode char U+0438 (decimal 1080)
   defining Unicode char U+0439 (decimal 1081)
   defining Unicode char U+043A (decimal 1082)
   defining Unicode char U+043B (decimal 1083)
   defining Unicode char U+043C (decimal 1084)
   defining Unicode char U+043D (decimal 1085)
   defining Unicode char U+043E (decimal 1086)
   defining Unicode char U+043F (decimal 1087)
   defining Unicode char U+0440 (decimal 1088)
   defining Unicode char U+0441 (decimal 1089)
   defining Unicode char U+0442 (decimal 1090)
   defining Unicode char U+0443 (decimal 1091)
   defining Unicode char U+0444 (decimal 1092)
   defining Unicode char U+0445 (decimal 1093)
   defining Unicode char U+0446 (decimal 1094)
   defining Unicode char U+0447 (decimal 1095)
   defining Unicode char U+0448 (decimal 1096)
   defining Unicode char U+0449 (decimal 1097)
   defining Unicode char U+044A (decimal 1098)
   defining Unicode char U+044B (decimal 1099)
   defining Unicode char U+044C (decimal 1100)
   defining Unicode char U+044D (decimal 1101)
   defining Unicode char U+044E (decimal 1102)
   defining Unicode char U+044F (decimal 1103)
   defining Unicode char U+0450 (decimal 1104)
   defining Unicode char U+0451 (decimal 1105)
   defining Unicode char U+0452 (decimal 1106)
   defining Unicode char U+0453 (decimal 1107)
   defining Unicode char U+0454 (decimal 1108)
   defining Unicode char U+0455 (decimal 1109)
   defining Unicode char U+0456 (decimal 1110)
   defining Unicode char U+0457 (decimal 1111)
   defining Unicode char U+0458 (decimal 1112)
   defining Unicode char U+0459 (decimal 1113)
   defining Unicode char U+045A (decimal 1114)
   defining Unicode char U+045B (decimal 1115)
   defining Unicode char U+045C (decimal 1116)
   defining Unicode char U+045D (decimal 1117)
   defining Unicode char U+045E (decimal 1118)
   defining Unicode char U+045F (decimal 1119)
   defining Unicode char U+0490 (decimal 1168)
   defining Unicode char U+0491 (decimal 1169)
   defining Unicode char U+0492 (decimal 1170)
   defining Unicode char U+0493 (decimal 1171)
   defining Unicode char U+0496 (decimal 1174)
   defining Unicode char U+0497 (decimal 1175)
   defining Unicode char U+0498 (decimal 1176)
   defining Unicode char U+0499 (decimal 1177)
   defining Unicode char U+049A (decimal 1178)
   defining Unicode char U+049B (decimal 1179)
   defining Unicode char U+049C (decimal 1180)
   defining Unicode char U+049D (decimal 1181)
   defining Unicode char U+04A0 (decimal 1184)
   defining Unicode char U+04A1 (decimal 1185)
   defining Unicode char U+04A2 (decimal 1186)
   defining Unicode char U+04A3 (decimal 1187)
   defining Unicode char U+04A4 (decimal 1188)
   defining Unicode char U+04A5 (decimal 1189)
   defining Unicode char U+04AA (decimal 1194)
   defining Unicode char U+04AB (decimal 1195)
   defining Unicode char U+04AE (decimal 1198)
   defining Unicode char U+04AF (decimal 1199)
   defining Unicode char U+04B0 (decimal 1200)
   defining Unicode char U+04B1 (decimal 1201)
   defining Unicode char U+04B2 (decimal 1202)
   defining Unicode char U+04B3 (decimal 1203)
   defining Unicode char U+04B6 (decimal 1206)
   defining Unicode char U+04B7 (decimal 1207)
   defining Unicode char U+04B8 (decimal 1208)
   defining Unicode char U+04B9 (decimal 1209)
   defining Unicode char U+04BA (decimal 1210)
   defining Unicode char U+04BB (decimal 1211)
   defining Unicode char U+04C0 (decimal 1216)
   defining Unicode char U+04C1 (decimal 1217)
   defining Unicode char U+04C2 (decimal 1218)
   defining Unicode char U+04D0 (decimal 1232)
   defining Unicode char U+04D1 (decimal 1233)
   defining Unicode char U+04D2 (decimal 1234)
   defining Unicode char U+04D3 (decimal 1235)
   defining Unicode char U+04D4 (decimal 1236)
   defining Unicode char U+04D5 (decimal 1237)
   defining Unicode char U+04D6 (decimal 1238)
   defining Unicode char U+04D7 (decimal 1239)
   defining Unicode char U+04D8 (decimal 1240)
   defining Unicode char U+04D9 (decimal 1241)
   defining Unicode char U+04DA (decimal 1242)
   defining Unicode char U+04DB (decimal 1243)
   defining Unicode char U+04DC (decimal 1244)
   defining Unicode char U+04DD (decimal 1245)
   defining Unicode char U+04DE (decimal 1246)
   defining Unicode char U+04DF (decimal 1247)
   defining Unicode char U+04E2 (decimal 1250)
   defining Unicode char U+04E3 (decimal 1251)
   defining Unicode char U+04E4 (decimal 1252)
   defining Unicode char U+04E5 (decimal 1253)
   defining Unicode char U+04E6 (decimal 1254)
   defining Unicode char U+04E7 (decimal 1255)
   defining Unicode char U+04E8 (decimal 1256)
   defining Unicode char U+04E9 (decimal 1257)
   defining Unicode char U+04EC (decimal 1260)
   defining Unicode char U+04ED (decimal 1261)
   defining Unicode char U+04EE (decimal 1262)
   defining Unicode char U+04EF (decimal 1263)
   defining Unicode char U+04F0 (decimal 1264)
   defining Unicode char U+04F1 (decimal 1265)
   defining Unicode char U+04F2 (decimal 1266)
   defining Unicode char U+04F3 (decimal 1267)
   defining Unicode char U+04F4 (decimal 1268)
   defining Unicode char U+04F5 (decimal 1269)
   defining Unicode char U+04F8 (decimal 1272)
   defining Unicode char U+04F9 (decimal 1273)
   defining Unicode char U+200C (decimal 8204)
   defining Unicode char U+2013 (decimal 8211)
   defining Unicode char U+2014 (decimal 8212)
   defining Unicode char U+2018 (decimal 8216)
   defining Unicode char U+2019 (decimal 8217)
   defining Unicode char U+201C (decimal 8220)
   defining Unicode char U+201D (decimal 8221)
   defining Unicode char U+201E (decimal 8222)
   defining Unicode char U+2030 (decimal 8240)
   defining Unicode char U+2031 (decimal 8241)
   defining Unicode char U+2116 (decimal 8470)
   defining Unicode char U+2329 (decimal 9001)
   defining Unicode char U+3008 (decimal 12296)
   defining Unicode char U+232A (decimal 9002)
   defining Unicode char U+3009 (decimal 12297)
   defining Unicode char U+2423 (decimal 9251)
   defining Unicode char U+27E8 (decimal 10216)
   defining Unicode char U+27E9 (decimal 10217)
   defining Unicode char U+FB00 (decimal 64256)
   defining Unicode char U+FB01 (decimal 64257)
   defining Unicode char U+FB02 (decimal 64258)
   defining Unicode char U+FB03 (decimal 64259)
   defining Unicode char U+FB04 (decimal 64260)
   defining Unicode char U+FB05 (decimal 64261)
   defining Unicode char U+FB06 (decimal 64262)
))
LaTeX Font Info:    Trying to load font information for T2A+cmr on input line 1
16.

(/usr/local/texlive/2025/texmf-dist/tex/latex/cyrillic/t2acmr.fd
File: t2acmr.fd 2001/08/11 v1.0a Computer Modern Cyrillic font definitions
)<<t2a.cmap>>)
(/usr/local/texlive/2025/texmf-dist/tex/generic/babel/babel.sty
Package: babel 2025/02/14 v25.4 The multilingual framework for pdfLaTeX, LuaLaT
eX and XeLaTeX
\babel@savecnt=\count275
\U@D=\dimen144
\l@unhyphenated=\language90

(/usr/local/texlive/2025/texmf-dist/tex/generic/babel/txtbabel.def)
\bbl@readstream=\read2
\bbl@dirlevel=\count276
Package babel Info: Main language set with 'main='. Except if you have
(babel)             problems, prefer the default mechanism for setting
(babel)             the main language, i.e., as the last declared.
(babel)             Reported on input line 4095.

(/usr/local/texlive/2025/texmf-dist/tex/generic/babel-german/german.ldf
Language: german 2024/12/10 v2.15 German support for babel (pre-1996 orthograph
y)

(/usr/local/texlive/2025/texmf-dist/tex/generic/babel-german/germanb.ldf
Language: germanb 2024/12/10 v2.15 German support for babel (pre-1996 orthograp
hy)
Package babel Info: Making " an active character on input line 139.
))
(/usr/local/texlive/2025/texmf-dist/tex/generic/babel-czech/czech.ldf
Language: czech 2008/07/06 v3.1a Czech support from the babel system
\cs@wordlen=\count277
Package babel Info: Making - an active character on input line 226.
)
(/usr/local/texlive/2025/texmf-dist/tex/generic/babel-slovak/slovak.ldf
Language: slovak 2008/07/06 v3.1a Slovak support from the babel system
Package babel Info: Making ^ an active character on input line 123.
Package babel Info: Making ' an active character on input line 129.
LaTeX Info: Redefining \uv on input line 278.
\cs@wordlen=\count278
)
(/usr/local/texlive/2025/texmf-dist/tex/generic/babel-english/english.ldf
Language: english 2017/06/06 v3.3r English support from the babel system
Package babel Info: Hyphen rules for 'canadian' set to \l@english
(babel)             (\language0). Reported on input line 102.
Package babel Info: Hyphen rules for 'australian' set to \l@ukenglish
(babel)             (\language22). Reported on input line 105.
Package babel Info: Hyphen rules for 'newzealand' set to \l@ukenglish
(babel)             (\language22). Reported on input line 108.
))
(/usr/local/texlive/2025/texmf-dist/tex/generic/babel/locale/en/babel-english.t
ex
Package babel Info: Importing font and identification data for english
(babel)             from babel-en.ini. Reported on input line 11.
)
(/usr/local/texlive/2025/texmf-dist/tex/generic/babel/locale/sk/babel-slovak.te
x
Package babel Info: Importing font and identification data for slovak
(babel)             from babel-sk.ini. Reported on input line 11.
)
(/usr/local/texlive/2025/texmf-dist/tex/generic/babel/locale/cs/babel-czech.tex
Package babel Info: Importing font and identification data for czech
(babel)             from babel-cs.ini. Reported on input line 11.
)
(/usr/local/texlive/2025/texmf-dist/tex/generic/babel/locale/de/babel-german.te
x
Package babel Info: Importing font and identification data for german
(babel)             from babel-de.ini. Reported on input line 25.
) (/usr/local/texlive/2025/texmf-dist/tex/latex/hyphenat/hyphenat.sty
Package: hyphenat 2009/09/02 v2.3c hyphenation utilities


Package hyphenat Warning: *******************************
(hyphenat)                * You have used the htt option.
(hyphenat)                * You are likely to get many Font Warning messages.
(hyphenat)                * These can usually be ignored.
(hyphenat)                *******************************.

\langwohyphens=\language91
LaTeX Info: Redefining \_ on input line 43.
) (/usr/local/texlive/2025/texmf-dist/tex/latex/minted/minted.sty
Package: minted 2025/03/06 v3.6.0 Yet another Pygments shim for LaTeX

(/usr/local/texlive/2025/texmf-dist/tex/generic/catchfile/catchfile.sty
Package: catchfile 2019/12/09 v1.8 Catch the contents of a file (HO)

(/usr/local/texlive/2025/texmf-dist/tex/generic/infwarerr/infwarerr.sty
Package: infwarerr 2019/12/03 v1.5 Providing info/warning/error messages (HO)
)
(/usr/local/texlive/2025/texmf-dist/tex/generic/etexcmds/etexcmds.sty
Package: etexcmds 2019/12/15 v1.7 Avoid name clashes with e-TeX commands (HO)
))
(/usr/local/texlive/2025/texmf-dist/tex/latex/fvextra/fvextra.sty
Package: fvextra 2025/03/04 v1.12.0 fvextra - extensions and patches for fancyv
rb

(/usr/local/texlive/2025/texmf-dist/tex/latex/fancyvrb/fancyvrb.sty
Package: fancyvrb 2024/01/20 4.5c verbatim text (tvz,hv)
\FV@CodeLineNo=\count279
\FV@InFile=\read3
\FV@TabBox=\box53
\c@FancyVerbLine=\count280
\FV@StepNumber=\count281
\FV@OutFile=\write3
)
(/usr/local/texlive/2025/texmf-dist/tex/generic/pdftexcmds/pdftexcmds.sty
Package: pdftexcmds 2020-06-27 v0.33 Utility functions of pdfTeX for LuaTeX (HO
)
Package pdftexcmds Info: \pdf@primitive is available.
Package pdftexcmds Info: \pdf@ifprimitive is available.
Package pdftexcmds Info: \pdfdraftmode found.
)
(/usr/local/texlive/2025/texmf-dist/tex/latex/upquote/upquote.sty
Package: upquote 2012/04/19 v1.3 upright-quote and grave-accent glyphs in verba
tim

(/usr/local/texlive/2025/texmf-dist/tex/latex/base/textcomp.sty
Package: textcomp 2024/04/24 v2.1b Standard LaTeX package
))
(/usr/local/texlive/2025/texmf-dist/tex/latex/lineno/lineno.sty
Package: lineno 2025/01/29 line numbers on paragraphs v5.4

(/usr/local/texlive/2025/texmf-dist/tex/latex/kvoptions/kvoptions.sty
Package: kvoptions 2022-06-15 v3.15 Key value format for package options (HO)

(/usr/local/texlive/2025/texmf-dist/tex/latex/kvsetkeys/kvsetkeys.sty
Package: kvsetkeys 2022-10-05 v1.19 Key value parser (HO)
))
\linenopenalty=\count282
\output=\toks20
\linenoprevgraf=\count283
\linenumbersep=\dimen145
\linenumberwidth=\dimen146
\c@linenumber=\count284
\c@pagewiselinenumber=\count285
\c@LN@truepage=\count286
\c@internallinenumber=\count287
\c@internallinenumbers=\count288
\quotelinenumbersep=\dimen147
\bframerule=\dimen148
\bframesep=\dimen149
\bframebox=\box54
LaTeX Info: Redefining \\ on input line 3187.
)
\c@FancyVerbWriteLine=\count289
\c@FancyVerbBufferLine=\count290
\c@FV@TrueTabGroupLevel=\count291
\c@FV@TrueTabCounter=\count292
\FV@TabBox@Group=\box55
\FV@bgcolorstructbox=\box56
\FV@TmpLength=\skip51
\c@FV@HighlightLinesStart=\count293
\c@FV@HighlightLinesStop=\count294
\FV@LoopCount=\count295
\FV@NCharsBox=\box57
\FV@BreakIndent=\dimen150
\FV@BreakIndentNChars=\count296
\FV@BreakSymbolSepLeft=\dimen151
\FV@BreakSymbolSepLeftNChars=\count297
\FV@BreakSymbolSepRight=\dimen152
\FV@BreakSymbolSepRightNChars=\count298
\FV@BreakSymbolIndentLeft=\dimen153
\FV@BreakSymbolIndentLeftNChars=\count299
\FV@BreakSymbolIndentRight=\dimen154
\FV@BreakSymbolIndentRightNChars=\count300
\c@FancyVerbLineBreakLast=\count301
\FV@LineBox=\box58
\FV@LineIndentBox=\box59
\c@FV@BreakBufferDepth=\count302
\FV@LineWidth=\dimen155
)
(/usr/local/texlive/2025/texmf-dist/tex/latex/latex2pydata/latex2pydata.sty
Package: latex2pydata 2025/03/03 v0.5.0 latex2pydata - write data to file in Py
thon literal format
)
(/usr/local/texlive/2025/texmf-dist/tex/latex/pgf/utilities/pgfkeys.sty
(/usr/local/texlive/2025/texmf-dist/tex/generic/pgf/utilities/pgfkeys.code.tex
\pgfkeys@pathtoks=\toks21
\pgfkeys@temptoks=\toks22

(/usr/local/texlive/2025/texmf-dist/tex/generic/pgf/utilities/pgfkeyslibraryfil
tered.code.tex
\pgfkeys@tmptoks=\toks23
)))
(/usr/local/texlive/2025/texmf-dist/tex/latex/pgfopts/pgfopts.sty
Package: pgfopts 2014/07/10 v2.1a LaTeX package options with pgfkeys
\pgfopts@list@add@a@toks=\toks24
\pgfopts@list@add@b@toks=\toks25
)
(/usr/local/texlive/2025/texmf-dist/tex/latex/tools/shellesc.sty
Package: shellesc 2023/07/08 v1.0d unified shell escape interface for LaTeX
Package shellesc Info: Unrestricted shell escape enabled on input line 75.
)
(/usr/local/texlive/2025/texmf-dist/tex/latex/newfloat/newfloat.sty
Package: newfloat 2023/10/01 v1.2 Defining new floating environments (AR)
Package newfloat Info: Document class `report' detected (original).
)
\c@minted@FancyVerbLineTemp=\count303
Package newfloat Info: New float `listing' with options `fileext=lol,placement=
tbp' on input line 1939.
\c@listing=\count304
\newfloat@ftype=\count305
Package newfloat Info: float type `listing'=8 on input line 1939.
)
(/usr/local/texlive/2025/texmf-dist/tex/latex/adjustbox/adjustbox.sty
Package: adjustbox 2025/02/26 v1.3c Adjusting TeX boxes (trim, clip, ...)

(/usr/local/texlive/2025/texmf-dist/tex/latex/xkeyval/xkeyval.sty
Package: xkeyval 2022/06/16 v2.9 package option processing (HA)

(/usr/local/texlive/2025/texmf-dist/tex/generic/xkeyval/xkeyval.tex
(/usr/local/texlive/2025/texmf-dist/tex/generic/xkeyval/xkvutils.tex
\XKV@toks=\toks26
\XKV@tempa@toks=\toks27
)
\XKV@depth=\count306
File: xkeyval.tex 2014/12/03 v2.7a key=value parser (HA)
))
(/usr/local/texlive/2025/texmf-dist/tex/latex/adjustbox/adjcalc.sty
Package: adjcalc 2012/05/16 v1.1 Provides advanced setlength with multiple back
-ends (calc, etex, pgfmath)
)
(/usr/local/texlive/2025/texmf-dist/tex/latex/adjustbox/trimclip.sty
Package: trimclip 2025/02/21 v1.2a Trim and clip general TeX material

(/usr/local/texlive/2025/texmf-dist/tex/latex/graphics/graphicx.sty
Package: graphicx 2021/09/16 v1.2d Enhanced LaTeX Graphics (DPC,SPQR)

(/usr/local/texlive/2025/texmf-dist/tex/latex/graphics/graphics.sty
Package: graphics 2024/08/06 v1.4g Standard LaTeX Graphics (DPC,SPQR)

(/usr/local/texlive/2025/texmf-dist/tex/latex/graphics/trig.sty
Package: trig 2023/12/02 v1.11 sin cos tan (DPC)
)
(/usr/local/texlive/2025/texmf-dist/tex/latex/graphics-cfg/graphics.cfg
File: graphics.cfg 2016/06/04 v1.11 sample graphics configuration
)
Package graphics Info: Driver file: pdftex.def on input line 106.

(/usr/local/texlive/2025/texmf-dist/tex/latex/graphics-def/pdftex.def
File: pdftex.def 2024/04/13 v1.2c Graphics/color driver for pdftex
))
\Gin@req@height=\dimen156
\Gin@req@width=\dimen157
)
(/usr/local/texlive/2025/texmf-dist/tex/latex/collectbox/collectbox.sty
Package: collectbox 2022/10/17 v0.4c Collect macro arguments as boxes
\collectedbox=\box60
)
\tc@llx=\dimen158
\tc@lly=\dimen159
\tc@urx=\dimen160
\tc@ury=\dimen161
Package trimclip Info: Using driver 'tc-pdftex.def'.

(/usr/local/texlive/2025/texmf-dist/tex/latex/adjustbox/tc-pdftex.def
File: tc-pdftex.def 2025/02/26 v2.3 Clipping driver for pdftex
))
\adjbox@Width=\dimen162
\adjbox@Height=\dimen163
\adjbox@Depth=\dimen164
\adjbox@Totalheight=\dimen165
\adjbox@pwidth=\dimen166
\adjbox@pheight=\dimen167
\adjbox@pdepth=\dimen168
\adjbox@ptotalheight=\dimen169

(/usr/local/texlive/2025/texmf-dist/tex/latex/ifoddpage/ifoddpage.sty
Package: ifoddpage 2022/10/18 v1.2 Conditionals for odd/even page detection
\c@checkoddpage=\count307
)
(/usr/local/texlive/2025/texmf-dist/tex/latex/varwidth/varwidth.sty
Package: varwidth 2009/03/30 ver 0.92;  Variable-width minipages
\@vwid@box=\box61
\sift@deathcycles=\count308
\@vwid@loff=\dimen170
\@vwid@roff=\dimen171
))
\@month=\count309
\@year=\count310

(/usr/local/texlive/2025/texmf-dist/tex/latex/base/makeidx.sty
Package: makeidx 2021/10/04 v1.0m Standard LaTeX package
)
\@indexfile=\write4
\openout4 = `thesis.idx'.


Writing index file thesis.idx
(/usr/local/texlive/2025/texmf-dist/tex/latex/paralist/paralist.sty
Package: paralist 2017/01/22 v2.7 Extended list environments
\pltopsep=\skip52
\plpartopsep=\skip53
\plitemsep=\skip54
\plparsep=\skip55
\pl@lab=\toks28
)
(/usr/local/texlive/2025/texmf-dist/tex/latex/amsmath/amsmath.sty
Package: amsmath 2024/11/05 v2.17t AMS math features
\@mathmargin=\skip56

For additional information on amsmath, use the `?' option.
(/usr/local/texlive/2025/texmf-dist/tex/latex/amsmath/amstext.sty
Package: amstext 2021/08/26 v2.01 AMS text

(/usr/local/texlive/2025/texmf-dist/tex/latex/amsmath/amsgen.sty
File: amsgen.sty 1999/11/30 v2.0 generic functions
\@emptytoks=\toks29
\ex@=\dimen172
))
(/usr/local/texlive/2025/texmf-dist/tex/latex/amsmath/amsbsy.sty
Package: amsbsy 1999/11/29 v1.2d Bold Symbols
\pmbraise@=\dimen173
)
(/usr/local/texlive/2025/texmf-dist/tex/latex/amsmath/amsopn.sty
Package: amsopn 2022/04/08 v2.04 operator names
)
\inf@bad=\count311
LaTeX Info: Redefining \frac on input line 233.
\uproot@=\count312
\leftroot@=\count313
LaTeX Info: Redefining \overline on input line 398.
LaTeX Info: Redefining \colon on input line 409.
\classnum@=\count314
\DOTSCASE@=\count315
LaTeX Info: Redefining \ldots on input line 495.
LaTeX Info: Redefining \dots on input line 498.
LaTeX Info: Redefining \cdots on input line 619.
\Mathstrutbox@=\box62
\strutbox@=\box63
LaTeX Info: Redefining \big on input line 721.
LaTeX Info: Redefining \Big on input line 722.
LaTeX Info: Redefining \bigg on input line 723.
LaTeX Info: Redefining \Bigg on input line 724.
\big@size=\dimen174
LaTeX Font Info:    Redeclaring font encoding OML on input line 742.
LaTeX Font Info:    Redeclaring font encoding OMS on input line 743.
\macc@depth=\count316
LaTeX Info: Redefining \bmod on input line 904.
LaTeX Info: Redefining \pmod on input line 909.
LaTeX Info: Redefining \smash on input line 939.
LaTeX Info: Redefining \relbar on input line 969.
LaTeX Info: Redefining \Relbar on input line 970.
\c@MaxMatrixCols=\count317
\dotsspace@=\muskip17
\c@parentequation=\count318
\dspbrk@lvl=\count319
\tag@help=\toks30
\row@=\count320
\column@=\count321
\maxfields@=\count322
\andhelp@=\toks31
\eqnshift@=\dimen175
\alignsep@=\dimen176
\tagshift@=\dimen177
\tagwidth@=\dimen178
\totwidth@=\dimen179
\lineht@=\dimen180
\@envbody=\toks32
\multlinegap=\skip57
\multlinetaggap=\skip58
\mathdisplay@stack=\toks33
LaTeX Info: Redefining \[ on input line 2953.
LaTeX Info: Redefining \] on input line 2954.
)
\@LN@amsmath@ams@eqpen=\count323

(/usr/local/texlive/2025/texmf-dist/tex/latex/amscls/amsthm.sty
Package: amsthm 2020/05/29 v2.20.6
\thm@style=\toks34
\thm@bodyfont=\toks35
\thm@headfont=\toks36
\thm@notefont=\toks37
\thm@headpunct=\toks38
\thm@preskip=\skip59
\thm@postskip=\skip60
\thm@headsep=\skip61
\dth@everypar=\toks39
)
(/usr/local/texlive/2025/texmf-dist/tex/latex/amsfonts/amsfonts.sty
Package: amsfonts 2013/01/14 v3.01 Basic AMSFonts support
\symAMSa=\mathgroup4
\symAMSb=\mathgroup5
LaTeX Font Info:    Redeclaring math symbol \hbar on input line 98.
LaTeX Font Info:    Overwriting math alphabet `\mathfrak' in version `bold'
(Font)                  U/euf/m/n --> U/euf/b/n on input line 106.
)
(/usr/local/texlive/2025/texmf-dist/tex/latex/url/url.sty
\Urlmuskip=\muskip18
Package: url 2013/09/16  ver 3.4  Verb mode for urls, etc.
)
(/usr/local/texlive/2025/texmf-dist/tex/latex/markdown/markdown.sty
(/usr/local/texlive/2025/texmf-dist/tex/generic/markdown/markdown.tex
(/usr/local/texlive/2025/texmf-dist/tex/generic/lt3luabridge/lt3luabridge.tex
\g_luabridge_method_int=\count324

Package luabridge Info: Using shell escape as the bridging method

)
\markdownInputFileStream=\read4
\markdownOutputFileStream=\write5
)
\markdownOptionFrozenCacheCounter=\count325
\g_tmpa_iow=\write6
\openout6 = `thesis.luabridge.lua'.


Package luabridge Info: Writing a helper Lua script to file
(luabridge)             thesis.luabridge.lua


Package luabridge Info: Executing a helper Lua script from file
(luabridge)             thesis.luabridge.lua


(|TEXMF_OUTPUT_DIRECTORY=${TEXMF_OUTPUT_DIRECTORY:-.}
texlua $TEXMF_OUTPUT_DIRECTORY/thesis.luabridge.lua)
Package: markdown 2025-02-21 v3.11.0-0-ga9095584 markdown renderer
)

Package markdown Info: Loading version latest of LaTeX Markdown theme
(markdown)             witiko/markdown/defaults


(/usr/local/texlive/2025/texmf-dist/tex/latex/markdown/markdownthemewitiko_mark
down_defaults.sty

Package markdown Info: Loading version latest of plain TeX Markdown theme
(markdown)             witiko/markdown/defaults


(/usr/local/texlive/2025/texmf-dist/tex/generic/markdown/markdownthemewitiko_ma
rkdown_defaults.tex)
(/usr/local/texlive/2025/texmf-dist/tex/latex/amsfonts/amssymb.sty
Package: amssymb 2013/01/14 v3.01 AMS font symbols
)
(/usr/local/texlive/2025/texmf-dist/tex/latex/csvsimple/csvsimple.sty
Package: csvsimple 2024/09/27 v2.7.0 LaTeX CSV file processing
)
(/usr/local/texlive/2025/texmf-dist/tex/latex/csvsimple/csvsimple-legacy.sty
Package: csvsimple-legacy 2024/09/27 version 2.7.0 LaTeX2e CSV file processing

(/usr/local/texlive/2025/texmf-dist/tex/latex/pgf/utilities/pgfrcs.sty
(/usr/local/texlive/2025/texmf-dist/tex/generic/pgf/utilities/pgfutil-common.te
x
\pgfutil@everybye=\toks40
\pgfutil@tempdima=\dimen181
\pgfutil@tempdimb=\dimen182
)
(/usr/local/texlive/2025/texmf-dist/tex/generic/pgf/utilities/pgfutil-latex.def
\pgfutil@abb=\box64
) (/usr/local/texlive/2025/texmf-dist/tex/generic/pgf/utilities/pgfrcs.code.tex
(/usr/local/texlive/2025/texmf-dist/tex/generic/pgf/pgf.revision.tex)
Package: pgfrcs 2023-01-15 v3.1.10 (3.1.10)
))
(/usr/local/texlive/2025/texmf-dist/tex/latex/base/ifthen.sty
Package: ifthen 2024/03/16 v1.1e Standard LaTeX ifthen package (DPC)
)
\csv@file=\read5
\c@csvinputline=\count326
\c@csvrow=\count327
\c@csvcol=\count328
\csv@out=\write7
)
\markdownLaTeXCitationsCounter=\count329
\markdownLaTeXRowCounter=\count330
\markdownLaTeXRowTotal=\count331
\markdownLaTeXColumnCounter=\count332
\markdownLaTeXColumnTotal=\count333
\markdownLaTeXTable=\toks41
\markdownLaTeXTableAlignment=\toks42
\markdownLaTeXTableEnd=\toks43
)
(/usr/local/texlive/2025/texmf-dist/tex/latex/listings/listings.sty
\lst@mode=\count334
\lst@gtempboxa=\box65
\lst@token=\toks44
\lst@length=\count335
\lst@currlwidth=\dimen183
\lst@column=\count336
\lst@pos=\count337
\lst@lostspace=\dimen184
\lst@width=\dimen185
\lst@newlines=\count338
\lst@lineno=\count339
\lst@maxwidth=\dimen186

(/usr/local/texlive/2025/texmf-dist/tex/latex/listings/lstpatch.sty
File: lstpatch.sty 2024/09/23 1.10c (Carsten Heinz)
)
(/usr/local/texlive/2025/texmf-dist/tex/latex/listings/lstmisc.sty
File: lstmisc.sty 2024/09/23 1.10c (Carsten Heinz)
\c@lstnumber=\count340
\lst@skipnumbers=\count341
\lst@framebox=\box66
)
(/usr/local/texlive/2025/texmf-dist/tex/latex/listings/listings.cfg
File: listings.cfg 2024/09/23 1.10c listings configuration
))
Package: listings 2024/09/23 1.10c (Carsten Heinz)

(/usr/local/texlive/2025/texmf-dist/tex/latex/floatrow/floatrow.sty
Package: floatrow 2008/08/02 v0.3b floatrow: float package extension

(/usr/local/texlive/2025/texmf-dist/tex/latex/caption/caption3.sty
Package: caption3 2023/07/31 v2.4d caption3 kernel (AR)
\caption@tempdima=\dimen187
\captionmargin=\dimen188
\caption@leftmargin=\dimen189
\caption@rightmargin=\dimen190
\caption@width=\dimen191
\caption@indent=\dimen192
\caption@parindent=\dimen193
\caption@hangindent=\dimen194
Package caption Info: NTG document class detected.

(/usr/local/texlive/2025/texmf-dist/tex/latex/caption/caption-ntg.sto
File: caption-ntg.sto 2020/08/22 v2.0 Adaption of the caption package to the NT
G document classes (AR)
))
\c@float@type=\count342
\float@exts=\toks45
\float@box=\box67
\@floatcapt=\box68
Package floatrow Info: Modified float package code loaded on input line 455.
Package floatrow Info: Modified rotfloat package code loaded on input line 473.

\FR@everyfloat=\toks46
\flrow@foot=\insert252
\FB@wd=\dimen195
\FBo@wd=\dimen196
\FBc@wd=\dimen197
\FBo@ht=\skip62
\FBc@ht=\skip63
\FBf@ht=\skip64
\FBo@max=\skip65
\FBc@max=\skip66
\FBf@max=\skip67
\c@FBl@b=\count343
\floatbox@depth=\count344
\c@FRobj=\count345
\c@FRsobj=\count346
\Xhsize=\skip68
\sXhsize=\skip69
\Zhsize=\skip70
\sZhsize=\skip71
\flrow@rowbox=\box69
\FR@Zunitlength=\dimen198
\c@FBcnt=\count347
\FPOScnt=\count348
\LTleft=\skip72
\LTright=\skip73
\LTleft=\skip74
\LTright=\skip75
\flrow@types=\toks47
)
(/usr/local/texlive/2025/texmf-dist/tex/latex/csquotes/csquotes.sty
Package: csquotes 2024-04-04 v5.2o context-sensitive quotations (JAW)
\csq@reset=\count349
\csq@gtype=\count350
\csq@glevel=\count351
\csq@qlevel=\count352
\csq@maxlvl=\count353
\csq@tshold=\count354
\csq@ltx@everypar=\toks48

(/usr/local/texlive/2025/texmf-dist/tex/latex/csquotes/csquotes.def
File: csquotes.def 2024-04-04 v5.2o csquotes generic definitions (JAW)
)
Package csquotes Info: Trying to load configuration file 'csquotes.cfg'...
Package csquotes Info: ... configuration file loaded successfully.

(/usr/local/texlive/2025/texmf-dist/tex/latex/csquotes/csquotes.cfg
File: csquotes.cfg 
)
Package csquotes Info: Option 'babel' depreciated.
(csquotes)             Using 'autostyle'.
Package csquotes Info: Enabling multilingual quotes.
)
(/usr/local/texlive/2025/texmf-dist/tex/latex/biblatex/biblatex.sty
Package: biblatex 2024/03/21 v3.20 programmable bibliographies (PK/MW)

(/usr/local/texlive/2025/texmf-dist/tex/latex/logreq/logreq.sty
Package: logreq 2010/08/04 v1.0 xml request logger
\lrq@indent=\count355

(/usr/local/texlive/2025/texmf-dist/tex/latex/logreq/logreq.def
File: logreq.def 2010/08/04 v1.0 logreq spec v1.0
))
\c@tabx@nest=\count356
\c@listtotal=\count357
\c@listcount=\count358
\c@liststart=\count359
\c@liststop=\count360
\c@citecount=\count361
\c@citetotal=\count362
\c@multicitecount=\count363
\c@multicitetotal=\count364
\c@instcount=\count365
\c@maxnames=\count366
\c@minnames=\count367
\c@maxitems=\count368
\c@minitems=\count369
\c@citecounter=\count370
\c@maxcitecounter=\count371
\c@savedcitecounter=\count372
\c@uniquelist=\count373
\c@uniquename=\count374
\c@refsection=\count375
\c@refsegment=\count376
\c@maxextratitle=\count377
\c@maxextratitleyear=\count378
\c@maxextraname=\count379
\c@maxextradate=\count380
\c@maxextraalpha=\count381
\c@abbrvpenalty=\count382
\c@highnamepenalty=\count383
\c@lownamepenalty=\count384
\c@maxparens=\count385
\c@parenlevel=\count386
\blx@tempcnta=\count387
\blx@tempcntb=\count388
\blx@tempcntc=\count389
\c@blx@maxsection=\count390
\blx@maxsegment@0=\count391
\blx@notetype=\count392
\blx@parenlevel@text=\count393
\blx@parenlevel@foot=\count394
\blx@sectionciteorder@0=\count395
\blx@sectionciteorderinternal@0=\count396
\blx@entrysetcounter=\count397
\blx@biblioinstance=\count398
\labelnumberwidth=\skip76
\labelalphawidth=\skip77
\biblabelsep=\skip78
\bibitemsep=\skip79
\bibnamesep=\skip80
\bibinitsep=\skip81
\bibparsep=\skip82
\bibhang=\skip83
\blx@bcfin=\read6
\blx@bcfout=\write8
\blx@langwohyphens=\language92
\c@mincomprange=\count399
\c@maxcomprange=\count400
\c@mincompwidth=\count401
Package biblatex Info: Trying to load biblatex default data model...
Package biblatex Info: ... file 'blx-dm.def' found.

(/usr/local/texlive/2025/texmf-dist/tex/latex/biblatex/blx-dm.def
File: blx-dm.def 2024/03/21 v3.20 biblatex datamodel (PK/MW)
)
Package biblatex Info: Trying to load biblatex custom data model...
Package biblatex Info: ... file 'biblatex-dm.cfg' not found.
\c@afterword=\count402
\c@savedafterword=\count403
\c@annotator=\count404
\c@savedannotator=\count405
\c@author=\count406
\c@savedauthor=\count407
\c@bookauthor=\count408
\c@savedbookauthor=\count409
\c@commentator=\count410
\c@savedcommentator=\count411
\c@editor=\count412
\c@savededitor=\count413
\c@editora=\count414
\c@savededitora=\count415
\c@editorb=\count416
\c@savededitorb=\count417
\c@editorc=\count418
\c@savededitorc=\count419
\c@foreword=\count420
\c@savedforeword=\count421
\c@holder=\count422
\c@savedholder=\count423
\c@introduction=\count424
\c@savedintroduction=\count425
\c@namea=\count426
\c@savednamea=\count427
\c@nameb=\count428
\c@savednameb=\count429
\c@namec=\count430
\c@savednamec=\count431
\c@translator=\count432
\c@savedtranslator=\count433
\c@shortauthor=\count434
\c@savedshortauthor=\count435
\c@shorteditor=\count436
\c@savedshorteditor=\count437
\c@labelname=\count438
\c@savedlabelname=\count439
\c@institution=\count440
\c@savedinstitution=\count441
\c@lista=\count442
\c@savedlista=\count443
\c@listb=\count444
\c@savedlistb=\count445
\c@listc=\count446
\c@savedlistc=\count447
\c@listd=\count448
\c@savedlistd=\count449
\c@liste=\count450
\c@savedliste=\count451
\c@listf=\count452
\c@savedlistf=\count453
\c@location=\count454
\c@savedlocation=\count455
\c@organization=\count456
\c@savedorganization=\count457
\c@origlocation=\count458
\c@savedoriglocation=\count459
\c@origpublisher=\count460
\c@savedorigpublisher=\count461
\c@publisher=\count462
\c@savedpublisher=\count463
\c@language=\count464
\c@savedlanguage=\count465
\c@origlanguage=\count466
\c@savedoriglanguage=\count467
\c@pageref=\count468
\c@savedpageref=\count469
\shorthandwidth=\skip84
\shortjournalwidth=\skip85
\shortserieswidth=\skip86
\shorttitlewidth=\skip87
\shortauthorwidth=\skip88
\shorteditorwidth=\skip89
\locallabelnumberwidth=\skip90
\locallabelalphawidth=\skip91
\localshorthandwidth=\skip92
\localshortjournalwidth=\skip93
\localshortserieswidth=\skip94
\localshorttitlewidth=\skip95
\localshortauthorwidth=\skip96
\localshorteditorwidth=\skip97
Package biblatex Info: Trying to load compatibility code...
Package biblatex Info: ... file 'blx-compat.def' found.

(/usr/local/texlive/2025/texmf-dist/tex/latex/biblatex/blx-compat.def
File: blx-compat.def 2024/03/21 v3.20 biblatex compatibility (PK/MW)
)
Package biblatex Info: Trying to load generic definitions...
Package biblatex Info: ... file 'biblatex.def' found.

(/usr/local/texlive/2025/texmf-dist/tex/latex/biblatex/biblatex.def
File: biblatex.def 2024/03/21 v3.20 biblatex compatibility (PK/MW)
\c@textcitecount=\count470
\c@textcitetotal=\count471
\c@textcitemaxnames=\count472
\c@biburlbigbreakpenalty=\count473
\c@biburlbreakpenalty=\count474
\c@biburlnumpenalty=\count475
\c@biburlucpenalty=\count476
\c@biburllcpenalty=\count477
\biburlbigskip=\muskip19
\biburlnumskip=\muskip20
\biburlucskip=\muskip21
\biburllcskip=\muskip22
\c@smartand=\count478
)
Package biblatex Info: Trying to load bibliography style 'numeric'...
Package biblatex Info: ... file 'numeric.bbx' found.

(/usr/local/texlive/2025/texmf-dist/tex/latex/biblatex/bbx/numeric.bbx
File: numeric.bbx 2024/03/21 v3.20 biblatex bibliography style (PK/MW)
Package biblatex Info: Trying to load bibliography style 'standard'...
Package biblatex Info: ... file 'standard.bbx' found.

(/usr/local/texlive/2025/texmf-dist/tex/latex/biblatex/bbx/standard.bbx
File: standard.bbx 2024/03/21 v3.20 biblatex bibliography style (PK/MW)
\c@bbx:relatedcount=\count479
\c@bbx:relatedtotal=\count480
))
Package biblatex Info: Trying to load citation style 'numeric'...
Package biblatex Info: ... file 'numeric.cbx' found.

(/usr/local/texlive/2025/texmf-dist/tex/latex/biblatex/cbx/numeric.cbx
File: numeric.cbx 2024/03/21 v3.20 biblatex citation style (PK/MW)
Package biblatex Info: Redefining '\cite'.
Package biblatex Info: Redefining '\parencite'.
Package biblatex Info: Redefining '\footcite'.
Package biblatex Info: Redefining '\footcitetext'.
Package biblatex Info: Redefining '\smartcite'.
Package biblatex Info: Redefining '\supercite'.
Package biblatex Info: Redefining '\textcite'.
Package biblatex Info: Redefining '\textcites'.
Package biblatex Info: Redefining '\cites'.
Package biblatex Info: Redefining '\parencites'.
Package biblatex Info: Redefining '\smartcites'.
)
Package biblatex Info: Trying to load configuration file...
Package biblatex Info: ... file 'biblatex.cfg' found.

(/usr/local/texlive/2025/texmf-dist/tex/latex/biblatex/biblatex.cfg
File: biblatex.cfg 
)
Package biblatex Info: Input encoding 'utf8' detected.
Package biblatex Info: Document encoding is UTF8 ....
Package biblatex Info: ... and expl3
(biblatex)             2025-01-18 L3 programming layer (loader) 
(biblatex)             is new enough (at least 2020/04/06),
(biblatex)             setting 'casechanger=expl3'.

(/usr/local/texlive/2025/texmf-dist/tex/latex/biblatex/blx-case-expl3.sty
Package: blx-case-expl3 2024/03/21 v3.20 expl3 case changing code for biblatex
))
(/usr/local/texlive/2025/texmf-dist/tex/latex/hyperref/hyperref.sty
Package: hyperref 2024-11-05 v7.01l Hypertext links for LaTeX

(/usr/local/texlive/2025/texmf-dist/tex/generic/kvdefinekeys/kvdefinekeys.sty
Package: kvdefinekeys 2019-12-19 v1.6 Define keys (HO)
)
(/usr/local/texlive/2025/texmf-dist/tex/generic/pdfescape/pdfescape.sty
Package: pdfescape 2019/12/09 v1.15 Implements pdfTeX's escape features (HO)
)
(/usr/local/texlive/2025/texmf-dist/tex/latex/hycolor/hycolor.sty
Package: hycolor 2020-01-27 v1.10 Color options for hyperref/bookmark (HO)
)
(/usr/local/texlive/2025/texmf-dist/tex/latex/hyperref/nameref.sty
Package: nameref 2023-11-26 v2.56 Cross-referencing by name of section

(/usr/local/texlive/2025/texmf-dist/tex/latex/refcount/refcount.sty
Package: refcount 2019/12/15 v3.6 Data extraction from label references (HO)
)
(/usr/local/texlive/2025/texmf-dist/tex/generic/gettitlestring/gettitlestring.s
ty
Package: gettitlestring 2019/12/15 v1.6 Cleanup title references (HO)
)
\c@section@level=\count481
) (/usr/local/texlive/2025/texmf-dist/tex/generic/stringenc/stringenc.sty
Package: stringenc 2019/11/29 v1.12 Convert strings between diff. encodings (HO
)
)
\@linkdim=\dimen199
\Hy@linkcounter=\count482
\Hy@pagecounter=\count483

(/usr/local/texlive/2025/texmf-dist/tex/latex/hyperref/pd1enc.def
File: pd1enc.def 2024-11-05 v7.01l Hyperref: PDFDocEncoding definition (HO)
Now handling font encoding PD1 ...
... no UTF-8 mapping file for font encoding PD1
)
(/usr/local/texlive/2025/texmf-dist/tex/generic/intcalc/intcalc.sty
Package: intcalc 2019/12/15 v1.3 Expandable calculations with integers (HO)
)
\Hy@SavedSpaceFactor=\count484

(/usr/local/texlive/2025/texmf-dist/tex/latex/hyperref/puenc.def
File: puenc.def 2024-11-05 v7.01l Hyperref: PDF Unicode definition (HO)
Now handling font encoding PU ...
... no UTF-8 mapping file for font encoding PU
)
Package hyperref Info: Hyper figures OFF on input line 4157.
Package hyperref Info: Link nesting OFF on input line 4162.
Package hyperref Info: Hyper index ON on input line 4165.
Package hyperref Info: Plain pages OFF on input line 4172.
Package hyperref Info: Backreferencing OFF on input line 4177.
Package hyperref Info: Implicit mode ON; LaTeX internals redefined.
Package hyperref Info: Bookmarks ON on input line 4424.
\c@Hy@tempcnt=\count485
LaTeX Info: Redefining \url on input line 4763.
\XeTeXLinkMargin=\dimen256

(/usr/local/texlive/2025/texmf-dist/tex/generic/bitset/bitset.sty
Package: bitset 2019/12/09 v1.3 Handle bit-vector datatype (HO)

(/usr/local/texlive/2025/texmf-dist/tex/generic/bigintcalc/bigintcalc.sty
Package: bigintcalc 2019/12/15 v1.5 Expandable calculations on big integers (HO
)
))
\Fld@menulength=\count486
\Field@Width=\dimen257
\Fld@charsize=\dimen258
Package hyperref Info: Hyper figures OFF on input line 6042.
Package hyperref Info: Link nesting OFF on input line 6047.
Package hyperref Info: Hyper index ON on input line 6050.
Package hyperref Info: backreferencing OFF on input line 6057.
Package hyperref Info: Link coloring OFF on input line 6062.
Package hyperref Info: Link coloring with OCG OFF on input line 6067.
Package hyperref Info: PDF/A mode OFF on input line 6072.

(/usr/local/texlive/2025/texmf-dist/tex/latex/base/atbegshi-ltx.sty
Package: atbegshi-ltx 2021/01/10 v1.0c Emulation of the original atbegshi
package with kernel methods
)
\Hy@abspage=\count487
\c@Item=\count488
\c@Hfootnote=\count489
)
Package hyperref Info: Driver (autodetected): hpdftex.

(/usr/local/texlive/2025/texmf-dist/tex/latex/hyperref/hpdftex.def
File: hpdftex.def 2024-11-05 v7.01l Hyperref driver for pdfTeX

(/usr/local/texlive/2025/texmf-dist/tex/latex/base/atveryend-ltx.sty
Package: atveryend-ltx 2020/08/19 v1.0a Emulation of the original atveryend pac
kage
with kernel methods
)
\Fld@listcount=\count490
\c@bookmark@seq@number=\count491

(/usr/local/texlive/2025/texmf-dist/tex/latex/rerunfilecheck/rerunfilecheck.sty
Package: rerunfilecheck 2022-07-10 v1.10 Rerun checks for auxiliary files (HO)

(/usr/local/texlive/2025/texmf-dist/tex/generic/uniquecounter/uniquecounter.sty
Package: uniquecounter 2019/12/15 v1.4 Provide unlimited unique counter (HO)
)
Package uniquecounter Info: New unique counter `rerunfilecheck' on input line 2
85.
)
\Hy@SectionHShift=\skip98
) (./fithesis/locale/fithesis-english.def
File: fithesis/locale/fithesis-english.def 2021/02/26
)
(./fithesis/locale/mu/fithesis-english.def
File: fithesis/locale/mu/fithesis-english.def 2017/07/09
)
(./fithesis/locale/mu/fi/fithesis-english.def
File: fithesis/locale/mu/fi/fithesis-english.def 2021/02/26
)
(./fithesis/style/fithesis-base.sty
Package: fithesis/style/fithesis-base 2018/02/11
LaTeX Info: Redefining \em on input line 55.
) (./fithesis/style/mu/fithesis-mu-base.sty
Package: fithesis/style/mu/fithesis-mu-base 2024/03/06

(/usr/local/texlive/2025/texmf-dist/tex/latex/xcolor/xcolor.sty
Package: xcolor 2024/09/29 v3.02 LaTeX color extensions (UK)

(/usr/local/texlive/2025/texmf-dist/tex/latex/graphics-cfg/color.cfg
File: color.cfg 2016/01/02 v1.6 sample color configuration
)
Package xcolor Info: Driver file: pdftex.def on input line 274.

(/usr/local/texlive/2025/texmf-dist/tex/latex/graphics/mathcolor.ltx)
Package xcolor Info: Model `cmy' substituted by `cmy0' on input line 1349.
Package xcolor Info: Model `hsb' substituted by `rgb' on input line 1353.
Package xcolor Info: Model `RGB' extended on input line 1365.
Package xcolor Info: Model `HTML' substituted by `rgb' on input line 1367.
Package xcolor Info: Model `Hsb' substituted by `hsb' on input line 1368.
Package xcolor Info: Model `tHsb' substituted by `hsb' on input line 1369.
Package xcolor Info: Model `HSB' substituted by `hsb' on input line 1370.
Package xcolor Info: Model `Gray' substituted by `gray' on input line 1371.
Package xcolor Info: Model `wave' substituted by `hsb' on input line 1372.
)
(/usr/local/texlive/2025/texmf-dist/tex/latex/caption/caption.sty
Package: caption 2023/08/05 v3.6o Customizing captions (AR)
\c@caption@flags=\count492
\c@continuedfloat=\count493
Package caption Info: float package is loaded.
Package caption Info: floatrow package is loaded.
Package caption Info: floatrow package is loaded.
Package caption Info: hyperref package is loaded.
Package caption Info: listings package is loaded.
)
(/usr/local/texlive/2025/texmf-dist/tex/latex/pdfpages/pdfpages.sty
Package: pdfpages 2025/01/30 v0.6e Insert pages of external PDF documents (AM)

(/usr/local/texlive/2025/texmf-dist/tex/latex/tools/calc.sty
Package: calc 2023/07/08 v4.3 Infix arithmetic (KKT,FJ)
\calc@Acount=\count494
\calc@Bcount=\count495
\calc@Adimen=\dimen259
\calc@Bdimen=\dimen260
\calc@Askip=\skip99
\calc@Bskip=\skip100
LaTeX Info: Redefining \setlength on input line 80.
LaTeX Info: Redefining \addtolength on input line 81.
\calc@Ccount=\count496
\calc@Cskip=\skip101
)
(/usr/local/texlive/2025/texmf-dist/tex/latex/eso-pic/eso-pic.sty
Package: eso-pic 2023/05/03 v3.0c eso-pic (RN)
\ESO@tempdima=\dimen261
\ESO@tempdimb=\dimen262
)
\AM@pagewidth=\dimen263
\AM@pageheight=\dimen264
\AM@fboxrule=\dimen265

(/usr/local/texlive/2025/texmf-dist/tex/latex/pdfpages/pppdftex.def
File: pppdftex.def 2025/01/30 v0.6e Pdfpages driver for pdfTeX (AM)
)
\pdfpages@includegraphics@status=\count497
\AM@pagebox=\box70
\AM@global@opts=\toks49
\AM@pagecnt=\count498
\AM@toc@title=\toks50
\AM@lof@heading=\toks51
\c@AM@survey=\count499
\AM@templatesizebox=\box71
)
(/usr/local/texlive/2025/texmf-dist/tex/latex/tools/tabularx.sty
Package: tabularx 2023/12/11 v2.12a `tabularx' package (DPC)

(/usr/local/texlive/2025/texmf-dist/tex/latex/tools/array.sty
Package: array 2024/10/17 v2.6g Tabular extension package (FMi)
\col@sep=\dimen266
\ar@mcellbox=\box72
\extrarowheight=\dimen267
\NC@list=\toks52
\extratabsurround=\skip102
\backup@length=\skip103
\ar@cellbox=\box73
)
\TX@col@width=\dimen268
\TX@old@table=\dimen269
\TX@old@col=\dimen270
\TX@target=\dimen271
\TX@delta=\dimen272
\TX@cols=\count500
\TX@ftn=\toks53
)
(/usr/local/texlive/2025/texmf-dist/tex/latex/tabu/tabu.sty
Package: tabu 2019/01/11 v2.9 - flexible LaTeX tabulars (FC+tabu-fixed)
\c@taburow=\count501
\tabu@nbcols=\count502
\tabu@cnt=\count503
\tabu@Xcol=\count504
\tabu@alloc=\count505
\tabu@nested=\count506
\tabu@target=\dimen273
\tabu@spreadtarget=\dimen274
\tabu@naturalX=\dimen275
\tabucolX=\dimen276
\tabu@Xsum=\dimen277
\extrarowdepth=\dimen278
\abovetabulinesep=\dimen279
\belowtabulinesep=\dimen280
\tabustrutrule=\dimen281
\tabu@thebody=\toks54
\tabu@footnotes=\toks55
\tabu@box=\box74
\tabu@arstrutbox=\box75
\tabu@hleads=\box76
\tabu@vleads=\box77
\tabu@cellskip=\skip104
)
(/usr/local/texlive/2025/texmf-dist/tex/latex/booktabs/booktabs.sty
Package: booktabs 2020/01/12 v1.61803398 Publication quality tables
\heavyrulewidth=\dimen282
\lightrulewidth=\dimen283
\cmidrulewidth=\dimen284
\belowrulesep=\dimen285
\belowbottomsep=\dimen286
\aboverulesep=\dimen287
\abovetopsep=\dimen288
\cmidrulesep=\dimen289
\cmidrulekern=\dimen290
\defaultaddspace=\dimen291
\@cmidla=\count507
\@cmidlb=\count508
\@aboverulesep=\dimen292
\@belowrulesep=\dimen293
\@thisruleclass=\count509
\@lastruleclass=\count510
\@thisrulewidth=\dimen294
)
(/usr/local/texlive/2025/texmf-dist/tex/latex/pgf/frontendlayer/tikz.sty
(/usr/local/texlive/2025/texmf-dist/tex/latex/pgf/basiclayer/pgf.sty
Package: pgf 2023-01-15 v3.1.10 (3.1.10)

(/usr/local/texlive/2025/texmf-dist/tex/latex/pgf/basiclayer/pgfcore.sty
(/usr/local/texlive/2025/texmf-dist/tex/latex/pgf/systemlayer/pgfsys.sty
(/usr/local/texlive/2025/texmf-dist/tex/generic/pgf/systemlayer/pgfsys.code.tex
Package: pgfsys 2023-01-15 v3.1.10 (3.1.10)
\pgf@x=\dimen295
\pgf@y=\dimen296
\pgf@xa=\dimen297
\pgf@ya=\dimen298
\pgf@xb=\dimen299
\pgf@yb=\dimen300
\pgf@xc=\dimen301
\pgf@yc=\dimen302
\pgf@xd=\dimen303
\pgf@yd=\dimen304
\w@pgf@writea=\write9
\r@pgf@reada=\read7
\c@pgf@counta=\count511
\c@pgf@countb=\count512
\c@pgf@countc=\count513
\c@pgf@countd=\count514
\t@pgf@toka=\toks56
\t@pgf@tokb=\toks57
\t@pgf@tokc=\toks58
\pgf@sys@id@count=\count515
(/usr/local/texlive/2025/texmf-dist/tex/generic/pgf/systemlayer/pgf.cfg
File: pgf.cfg 2023-01-15 v3.1.10 (3.1.10)
)
Driver file for pgf: pgfsys-pdftex.def

(/usr/local/texlive/2025/texmf-dist/tex/generic/pgf/systemlayer/pgfsys-pdftex.d
ef
File: pgfsys-pdftex.def 2023-01-15 v3.1.10 (3.1.10)

(/usr/local/texlive/2025/texmf-dist/tex/generic/pgf/systemlayer/pgfsys-common-p
df.def
File: pgfsys-common-pdf.def 2023-01-15 v3.1.10 (3.1.10)
)))
(/usr/local/texlive/2025/texmf-dist/tex/generic/pgf/systemlayer/pgfsyssoftpath.
code.tex
File: pgfsyssoftpath.code.tex 2023-01-15 v3.1.10 (3.1.10)
\pgfsyssoftpath@smallbuffer@items=\count516
\pgfsyssoftpath@bigbuffer@items=\count517
)
(/usr/local/texlive/2025/texmf-dist/tex/generic/pgf/systemlayer/pgfsysprotocol.
code.tex
File: pgfsysprotocol.code.tex 2023-01-15 v3.1.10 (3.1.10)
))
(/usr/local/texlive/2025/texmf-dist/tex/generic/pgf/basiclayer/pgfcore.code.tex
Package: pgfcore 2023-01-15 v3.1.10 (3.1.10)
(/usr/local/texlive/2025/texmf-dist/tex/generic/pgf/math/pgfmath.code.tex
(/usr/local/texlive/2025/texmf-dist/tex/generic/pgf/math/pgfmathutil.code.tex)
(/usr/local/texlive/2025/texmf-dist/tex/generic/pgf/math/pgfmathparser.code.tex
\pgfmath@dimen=\dimen305
\pgfmath@count=\count518
\pgfmath@box=\box78
\pgfmath@toks=\toks59
\pgfmath@stack@operand=\toks60
\pgfmath@stack@operation=\toks61
)
(/usr/local/texlive/2025/texmf-dist/tex/generic/pgf/math/pgfmathfunctions.code.
tex)
(/usr/local/texlive/2025/texmf-dist/tex/generic/pgf/math/pgfmathfunctions.basic
.code.tex)
(/usr/local/texlive/2025/texmf-dist/tex/generic/pgf/math/pgfmathfunctions.trigo
nometric.code.tex)
(/usr/local/texlive/2025/texmf-dist/tex/generic/pgf/math/pgfmathfunctions.rando
m.code.tex)
(/usr/local/texlive/2025/texmf-dist/tex/generic/pgf/math/pgfmathfunctions.compa
rison.code.tex)
(/usr/local/texlive/2025/texmf-dist/tex/generic/pgf/math/pgfmathfunctions.base.
code.tex)
(/usr/local/texlive/2025/texmf-dist/tex/generic/pgf/math/pgfmathfunctions.round
.code.tex)
(/usr/local/texlive/2025/texmf-dist/tex/generic/pgf/math/pgfmathfunctions.misc.
code.tex)
(/usr/local/texlive/2025/texmf-dist/tex/generic/pgf/math/pgfmathfunctions.integ
erarithmetics.code.tex)
(/usr/local/texlive/2025/texmf-dist/tex/generic/pgf/math/pgfmathcalc.code.tex)
(/usr/local/texlive/2025/texmf-dist/tex/generic/pgf/math/pgfmathfloat.code.tex
\c@pgfmathroundto@lastzeros=\count519
)) (/usr/local/texlive/2025/texmf-dist/tex/generic/pgf/math/pgfint.code.tex)
(/usr/local/texlive/2025/texmf-dist/tex/generic/pgf/basiclayer/pgfcorepoints.co
de.tex
File: pgfcorepoints.code.tex 2023-01-15 v3.1.10 (3.1.10)
\pgf@picminx=\dimen306
\pgf@picmaxx=\dimen307
\pgf@picminy=\dimen308
\pgf@picmaxy=\dimen309
\pgf@pathminx=\dimen310
\pgf@pathmaxx=\dimen311
\pgf@pathminy=\dimen312
\pgf@pathmaxy=\dimen313
\pgf@xx=\dimen314
\pgf@xy=\dimen315
\pgf@yx=\dimen316
\pgf@yy=\dimen317
\pgf@zx=\dimen318
\pgf@zy=\dimen319
)
(/usr/local/texlive/2025/texmf-dist/tex/generic/pgf/basiclayer/pgfcorepathconst
ruct.code.tex
File: pgfcorepathconstruct.code.tex 2023-01-15 v3.1.10 (3.1.10)
\pgf@path@lastx=\dimen320
\pgf@path@lasty=\dimen321
)
(/usr/local/texlive/2025/texmf-dist/tex/generic/pgf/basiclayer/pgfcorepathusage
.code.tex
File: pgfcorepathusage.code.tex 2023-01-15 v3.1.10 (3.1.10)
\pgf@shorten@end@additional=\dimen322
\pgf@shorten@start@additional=\dimen323
)
(/usr/local/texlive/2025/texmf-dist/tex/generic/pgf/basiclayer/pgfcorescopes.co
de.tex
File: pgfcorescopes.code.tex 2023-01-15 v3.1.10 (3.1.10)
\pgfpic=\box79
\pgf@hbox=\box80
\pgf@layerbox@main=\box81
\pgf@picture@serial@count=\count520
)
(/usr/local/texlive/2025/texmf-dist/tex/generic/pgf/basiclayer/pgfcoregraphicst
ate.code.tex
File: pgfcoregraphicstate.code.tex 2023-01-15 v3.1.10 (3.1.10)
\pgflinewidth=\dimen324
)
(/usr/local/texlive/2025/texmf-dist/tex/generic/pgf/basiclayer/pgfcoretransform
ations.code.tex
File: pgfcoretransformations.code.tex 2023-01-15 v3.1.10 (3.1.10)
\pgf@pt@x=\dimen325
\pgf@pt@y=\dimen326
\pgf@pt@temp=\dimen327
)
(/usr/local/texlive/2025/texmf-dist/tex/generic/pgf/basiclayer/pgfcorequick.cod
e.tex
File: pgfcorequick.code.tex 2023-01-15 v3.1.10 (3.1.10)
)
(/usr/local/texlive/2025/texmf-dist/tex/generic/pgf/basiclayer/pgfcoreobjects.c
ode.tex
File: pgfcoreobjects.code.tex 2023-01-15 v3.1.10 (3.1.10)
)
(/usr/local/texlive/2025/texmf-dist/tex/generic/pgf/basiclayer/pgfcorepathproce
ssing.code.tex
File: pgfcorepathprocessing.code.tex 2023-01-15 v3.1.10 (3.1.10)
)
(/usr/local/texlive/2025/texmf-dist/tex/generic/pgf/basiclayer/pgfcorearrows.co
de.tex
File: pgfcorearrows.code.tex 2023-01-15 v3.1.10 (3.1.10)
\pgfarrowsep=\dimen328
)
(/usr/local/texlive/2025/texmf-dist/tex/generic/pgf/basiclayer/pgfcoreshade.cod
e.tex
File: pgfcoreshade.code.tex 2023-01-15 v3.1.10 (3.1.10)
\pgf@max=\dimen329
\pgf@sys@shading@range@num=\count521
\pgf@shadingcount=\count522
)
(/usr/local/texlive/2025/texmf-dist/tex/generic/pgf/basiclayer/pgfcoreimage.cod
e.tex
File: pgfcoreimage.code.tex 2023-01-15 v3.1.10 (3.1.10)
)
(/usr/local/texlive/2025/texmf-dist/tex/generic/pgf/basiclayer/pgfcoreexternal.
code.tex
File: pgfcoreexternal.code.tex 2023-01-15 v3.1.10 (3.1.10)
\pgfexternal@startupbox=\box82
)
(/usr/local/texlive/2025/texmf-dist/tex/generic/pgf/basiclayer/pgfcorelayers.co
de.tex
File: pgfcorelayers.code.tex 2023-01-15 v3.1.10 (3.1.10)
)
(/usr/local/texlive/2025/texmf-dist/tex/generic/pgf/basiclayer/pgfcoretranspare
ncy.code.tex
File: pgfcoretransparency.code.tex 2023-01-15 v3.1.10 (3.1.10)
)
(/usr/local/texlive/2025/texmf-dist/tex/generic/pgf/basiclayer/pgfcorepatterns.
code.tex
File: pgfcorepatterns.code.tex 2023-01-15 v3.1.10 (3.1.10)
)
(/usr/local/texlive/2025/texmf-dist/tex/generic/pgf/basiclayer/pgfcorerdf.code.
tex
File: pgfcorerdf.code.tex 2023-01-15 v3.1.10 (3.1.10)
)))
(/usr/local/texlive/2025/texmf-dist/tex/generic/pgf/modules/pgfmoduleshapes.cod
e.tex
File: pgfmoduleshapes.code.tex 2023-01-15 v3.1.10 (3.1.10)
\pgfnodeparttextbox=\box83
)
(/usr/local/texlive/2025/texmf-dist/tex/generic/pgf/modules/pgfmoduleplot.code.
tex
File: pgfmoduleplot.code.tex 2023-01-15 v3.1.10 (3.1.10)
)
(/usr/local/texlive/2025/texmf-dist/tex/latex/pgf/compatibility/pgfcomp-version
-0-65.sty
Package: pgfcomp-version-0-65 2023-01-15 v3.1.10 (3.1.10)
\pgf@nodesepstart=\dimen330
\pgf@nodesepend=\dimen331
)
(/usr/local/texlive/2025/texmf-dist/tex/latex/pgf/compatibility/pgfcomp-version
-1-18.sty
Package: pgfcomp-version-1-18 2023-01-15 v3.1.10 (3.1.10)
))
(/usr/local/texlive/2025/texmf-dist/tex/latex/pgf/utilities/pgffor.sty
(/usr/local/texlive/2025/texmf-dist/tex/latex/pgf/math/pgfmath.sty
(/usr/local/texlive/2025/texmf-dist/tex/generic/pgf/math/pgfmath.code.tex))
(/usr/local/texlive/2025/texmf-dist/tex/generic/pgf/utilities/pgffor.code.tex
Package: pgffor 2023-01-15 v3.1.10 (3.1.10)
\pgffor@iter=\dimen332
\pgffor@skip=\dimen333
\pgffor@stack=\toks62
\pgffor@toks=\toks63
))
(/usr/local/texlive/2025/texmf-dist/tex/generic/pgf/frontendlayer/tikz/tikz.cod
e.tex
Package: tikz 2023-01-15 v3.1.10 (3.1.10)

(/usr/local/texlive/2025/texmf-dist/tex/generic/pgf/libraries/pgflibraryplothan
dlers.code.tex
File: pgflibraryplothandlers.code.tex 2023-01-15 v3.1.10 (3.1.10)
\pgf@plot@mark@count=\count523
\pgfplotmarksize=\dimen334
)
\tikz@lastx=\dimen335
\tikz@lasty=\dimen336
\tikz@lastxsaved=\dimen337
\tikz@lastysaved=\dimen338
\tikz@lastmovetox=\dimen339
\tikz@lastmovetoy=\dimen340
\tikzleveldistance=\dimen341
\tikzsiblingdistance=\dimen342
\tikz@figbox=\box84
\tikz@figbox@bg=\box85
\tikz@tempbox=\box86
\tikz@tempbox@bg=\box87
\tikztreelevel=\count524
\tikznumberofchildren=\count525
\tikznumberofcurrentchild=\count526
\tikz@fig@count=\count527

(/usr/local/texlive/2025/texmf-dist/tex/generic/pgf/modules/pgfmodulematrix.cod
e.tex
File: pgfmodulematrix.code.tex 2023-01-15 v3.1.10 (3.1.10)
\pgfmatrixcurrentrow=\count528
\pgfmatrixcurrentcolumn=\count529
\pgf@matrix@numberofcolumns=\count530
)
\tikz@expandcount=\count531

(/usr/local/texlive/2025/texmf-dist/tex/generic/pgf/frontendlayer/tikz/librarie
s/tikzlibrarytopaths.code.tex
File: tikzlibrarytopaths.code.tex 2023-01-15 v3.1.10 (3.1.10)
)))
(/usr/local/texlive/2025/texmf-dist/tex/latex/microtype/microtype.sty
Package: microtype 2025/02/11 v3.2a Micro-typographical refinements (RS)
\MT@toks=\toks64
\MT@tempbox=\box88
\MT@count=\count532
LaTeX Info: Redefining \noprotrusionifhmode on input line 1087.
LaTeX Info: Redefining \leftprotrusion on input line 1088.
\MT@prot@toks=\toks65
LaTeX Info: Redefining \rightprotrusion on input line 1107.
LaTeX Info: Redefining \textls on input line 1449.
\MT@outer@kern=\dimen343
LaTeX Info: Redefining \microtypecontext on input line 2053.
LaTeX Info: Redefining \textmicrotypecontext on input line 2070.
\MT@listname@count=\count533

(/usr/local/texlive/2025/texmf-dist/tex/latex/microtype/microtype-pdftex.def
File: microtype-pdftex.def 2025/02/11 v3.2a Definitions specific to pdftex (RS)

LaTeX Info: Redefining \lsstyle on input line 944.
LaTeX Info: Redefining \lslig on input line 944.
\MT@outer@space=\skip105
)
Package microtype Info: Loading configuration file microtype.cfg.

(/usr/local/texlive/2025/texmf-dist/tex/latex/microtype/microtype.cfg
File: microtype.cfg 2025/02/11 v3.2a microtype main configuration file (RS)
)
LaTeX Info: Redefining \microtypesetup on input line 3065.
)
(/usr/local/texlive/2025/texmf-dist/tex/latex/lm/lmodern.sty
Package: lmodern 2015/05/01 v1.6.1 Latin Modern Fonts
LaTeX Font Info:    Overwriting symbol font `operators' in version `normal'
(Font)                  OT1/cmr/m/n --> OT1/lmr/m/n on input line 22.
LaTeX Font Info:    Overwriting symbol font `letters' in version `normal'
(Font)                  OML/cmm/m/it --> OML/lmm/m/it on input line 23.
LaTeX Font Info:    Overwriting symbol font `symbols' in version `normal'
(Font)                  OMS/cmsy/m/n --> OMS/lmsy/m/n on input line 24.
LaTeX Font Info:    Overwriting symbol font `largesymbols' in version `normal'
(Font)                  OMX/cmex/m/n --> OMX/lmex/m/n on input line 25.
LaTeX Font Info:    Overwriting symbol font `operators' in version `bold'
(Font)                  OT1/cmr/bx/n --> OT1/lmr/bx/n on input line 26.
LaTeX Font Info:    Overwriting symbol font `letters' in version `bold'
(Font)                  OML/cmm/b/it --> OML/lmm/b/it on input line 27.
LaTeX Font Info:    Overwriting symbol font `symbols' in version `bold'
(Font)                  OMS/cmsy/b/n --> OMS/lmsy/b/n on input line 28.
LaTeX Font Info:    Overwriting symbol font `largesymbols' in version `bold'
(Font)                  OMX/cmex/m/n --> OMX/lmex/m/n on input line 29.
LaTeX Font Info:    Overwriting math alphabet `\mathbf' in version `normal'
(Font)                  OT1/cmr/bx/n --> OT1/lmr/bx/n on input line 31.
LaTeX Font Info:    Overwriting math alphabet `\mathsf' in version `normal'
(Font)                  OT1/cmss/m/n --> OT1/lmss/m/n on input line 32.
LaTeX Font Info:    Overwriting math alphabet `\mathit' in version `normal'
(Font)                  OT1/cmr/m/it --> OT1/lmr/m/it on input line 33.
LaTeX Font Info:    Overwriting math alphabet `\mathtt' in version `normal'
(Font)                  OT1/cmtt/m/n --> OT1/lmtt/m/n on input line 34.
LaTeX Font Info:    Overwriting math alphabet `\mathbf' in version `bold'
(Font)                  OT1/cmr/bx/n --> OT1/lmr/bx/n on input line 35.
LaTeX Font Info:    Overwriting math alphabet `\mathsf' in version `bold'
(Font)                  OT1/cmss/bx/n --> OT1/lmss/bx/n on input line 36.
LaTeX Font Info:    Overwriting math alphabet `\mathit' in version `bold'
(Font)                  OT1/cmr/bx/it --> OT1/lmr/bx/it on input line 37.
LaTeX Font Info:    Overwriting math alphabet `\mathtt' in version `bold'
(Font)                  OT1/cmtt/m/n --> OT1/lmtt/m/n on input line 38.
)
(/usr/local/texlive/2025/texmf-dist/tex/latex/psnfss/mathpazo.sty
Package: mathpazo 2020/03/25 PSNFSS-v9.3 Palatino w/ Pazo Math (D.Puga, WaS) 
\symupright=\mathgroup6
)
(/usr/local/texlive/2025/texmf-dist/tex/latex/tex-gyre/tgpagella.sty
Package: tgpagella 2009/09/27 v1.2 TeX Gyre Pagella as default roman family
)
(/usr/local/texlive/2025/texmf-dist/tex/latex/base/fontenc.sty
Package: fontenc 2021/04/29 v2.0v Standard LaTeX package
LaTeX Font Info:    Trying to load font information for T1+qpl on input line 11
6.

(/usr/local/texlive/2025/texmf-dist/tex/latex/tex-gyre/t1qpl.fd
File: t1qpl.fd 2009/09/25 v1.2 font definition file for T1/qpl
)<<t1.cmap>>)
(/usr/local/texlive/2025/texmf-dist/tex/latex/tex-gyre/tgheros.sty
Package: tgheros 2009/09/27 v1.2 TeX Gyre Heros as default sans serif family
)
(/usr/local/texlive/2025/texmf-dist/tex/latex/base/fontenc.sty
Package: fontenc 2021/04/29 v2.0v Standard LaTeX package
)
(./fithesis/style/mu/fithesis-mu-12.clo
File: fithesis/style/mu/fithesis-mu-12.clo 2021/02/21
))
(./fithesis/style/mu/fithesis-mu-fi.sty
Package: fithesis/style/mu/fithesis-mu-fi 2021/04/24
)
Package hyperref Info: Option `unicode' set `true' on input line 96.
Package hyperref Info: Option `unicode' set `true' on input line 96.

(/usr/local/texlive/2025/texmf-dist/tex/generic/stringenc/se-pdfdoc.def
File: se-pdfdoc.def 2019/11/29 v1.12 stringenc: PDFDocEncoding
)
Package csquotes Info: Checking for multilingual support...
Package csquotes Info: ... found 'babel' package.

(out/thesis.aux)
\openout1 = `thesis.aux'.

LaTeX Font Info:    Checking defaults for OML/cmm/m/it on input line 96.
LaTeX Font Info:    ... okay on input line 96.
LaTeX Font Info:    Checking defaults for OMS/cmsy/m/n on input line 96.
LaTeX Font Info:    ... okay on input line 96.
LaTeX Font Info:    Checking defaults for OT1/cmr/m/n on input line 96.
LaTeX Font Info:    ... okay on input line 96.
LaTeX Font Info:    Checking defaults for T1/cmr/m/n on input line 96.
LaTeX Font Info:    ... okay on input line 96.
LaTeX Font Info:    Checking defaults for TS1/cmr/m/n on input line 96.
LaTeX Font Info:    ... okay on input line 96.
LaTeX Font Info:    Checking defaults for OMX/cmex/m/n on input line 96.
LaTeX Font Info:    ... okay on input line 96.
LaTeX Font Info:    Checking defaults for U/cmr/m/n on input line 96.
LaTeX Font Info:    ... okay on input line 96.
LaTeX Font Info:    Checking defaults for T2A/cmr/m/n on input line 96.
LaTeX Font Info:    ... okay on input line 96.
LaTeX Font Info:    Checking defaults for PD1/pdf/m/n on input line 96.
LaTeX Font Info:    ... okay on input line 96.
LaTeX Font Info:    Checking defaults for PU/pdf/m/n on input line 96.
LaTeX Font Info:    ... okay on input line 96.
LaTeX Font Info:    Trying to load font information for T1+lmtt on input line 9
6.
 (/usr/local/texlive/2025/texmf-dist/tex/latex/lm/t1lmtt.fd
File: t1lmtt.fd 2015/05/01 v1.6.1 Font defs for Latin Modern
)

LaTeX Font Warning: Font shape `T1/lmtt/b/it' in size <12> not available
(Font)              Font shape `T1/lmtt/b/sl' tried instead on input line 96.


LaTeX Font Warning: Font shape `T1/lmtt/b/scsl' undefined
(Font)              using `T1/lmtt/b/sc' instead on input line 96.


LaTeX Font Warning: Font shape `T1/lmtt/b/sc' undefined
(Font)              using `T1/lmtt/b/n' instead on input line 96.

LaTeX Font Info:    Font shape `T1/lmtt/bx/n' in size <12> not available
(Font)              Font shape `T1/lmtt/b/n' tried instead on input line 96.

LaTeX Font Warning: Font shape `T1/lmtt/bx/it' in size <12> not available
(Font)              Font shape `T1/lmtt/b/sl' tried instead on input line 96.

LaTeX Font Info:    Font shape `T1/lmtt/bx/sl' in size <12> not available
(Font)              Font shape `T1/lmtt/b/sl' tried instead on input line 96.

LaTeX Font Warning: Font shape `T1/lmtt/bx/scsl' undefined
(Font)              using `T1/lmtt/bx/sc' instead on input line 96.


LaTeX Font Warning: Font shape `T1/lmtt/bx/sc' undefined
(Font)              using `T1/lmtt/bx/n' instead on input line 96.


LaTeX Font Warning: Font shape `T1/lmtt/sbx/sc' undefined
(Font)              using `T1/lmtt/sb/sc' instead on input line 96.


LaTeX Font Warning: Font shape `T1/lmtt/sb/n' undefined
(Font)              using `T1/lmtt/m/n' instead on input line 96.


LaTeX Font Warning: Font shape `T1/lmtt/sb/it' undefined
(Font)              using `T1/lmtt/sb/n' instead on input line 96.


LaTeX Font Warning: Font shape `T1/lmtt/sb/sl' undefined
(Font)              using `T1/lmtt/sb/it' instead on input line 96.


LaTeX Font Warning: Font shape `T1/lmtt/sb/scit' undefined
(Font)              using `T1/lmtt/sb/sc' instead on input line 96.


LaTeX Font Warning: Font shape `T1/lmtt/sb/sc' undefined
(Font)              using `T1/lmtt/sb/n' instead on input line 96.


LaTeX Font Warning: Font shape `T1/lmtt/sbc/sc' undefined
(Font)              using `T1/lmtt/c/sc' instead on input line 96.


LaTeX Font Warning: Font shape `T1/lmtt/c/n' undefined
(Font)              using `T1/lmtt/m/n' instead on input line 96.


LaTeX Font Warning: Font shape `T1/lmtt/c/it' undefined
(Font)              using `T1/lmtt/c/n' instead on input line 96.


LaTeX Font Warning: Font shape `T1/lmtt/c/sl' undefined
(Font)              using `T1/lmtt/c/it' instead on input line 96.


LaTeX Font Warning: Font shape `T1/lmtt/c/scit' undefined
(Font)              using `T1/lmtt/c/sc' instead on input line 96.


LaTeX Font Warning: Font shape `T1/lmtt/c/sc' undefined
(Font)              using `T1/lmtt/c/n' instead on input line 96.


LaTeX Font Warning: Font shape `T1/lmtt/lc/it' in size <12> not available
(Font)              Font shape `T1/lmtt/lc/sl' tried instead on input line 96.


LaTeX Font Warning: Font shape `T1/lmtt/lc/scsl' undefined
(Font)              using `T1/lmtt/lc/sc' instead on input line 96.


LaTeX Font Warning: Font shape `T1/lmtt/lc/sc' undefined
(Font)              using `T1/lmtt/lc/n' instead on input line 96.


LaTeX Font Warning: Font shape `T1/lmtt/m/ui' undefined
(Font)              using `T1/lmtt/m/n' instead on input line 96.


LaTeX Font Warning: Font shape `T1/lmtt/bx/ui' undefined
(Font)              using `T1/lmtt/bx/n' instead on input line 96.


LaTeX Font Warning: Font shape `T1/lmtt/m/In' undefined
(Font)              using `T1/lmtt/m/n' instead on input line 96.

Package newfloat Info: `float' package detected.
(/usr/local/texlive/2025/texmf-dist/tex/context/base/mkii/supp-pdf.mkii
[Loading MPS to PDF converter (version 2006.09.02).]
\scratchcounter=\count534
\scratchdimen=\dimen344
\scratchbox=\box89
\nofMPsegments=\count535
\nofMParguments=\count536
\everyMPshowfont=\toks66
\MPscratchCnt=\count537
\MPscratchDim=\dimen345
\MPnumerator=\count538
\makeMPintoPDFobject=\count539
\everyMPtoPDFconversion=\toks67
) (/usr/local/texlive/2025/texmf-dist/tex/latex/epstopdf-pkg/epstopdf-base.sty
Package: epstopdf-base 2020-01-24 v2.11 Base part for package epstopdf
Package epstopdf-base Info: Redefining graphics rule for `.eps' on input line 4
85.

(/usr/local/texlive/2025/texmf-dist/tex/latex/latexconfig/epstopdf-sys.cfg
File: epstopdf-sys.cfg 2010/07/13 v1.3 Configuration of (r)epstopdf for TeX Liv
e
))
\c@lstlisting=\count540
Package caption Info: Begin \AtBeginDocument code.
Package caption Info: End \AtBeginDocument code.
Package biblatex Info: Trying to load language 'english'...
Package biblatex Info: ... file 'english.lbx' found.

(/usr/local/texlive/2025/texmf-dist/tex/latex/biblatex/lbx/english.lbx
File: english.lbx 2024/03/21 v3.20 biblatex localization (PK/MW)
)
Package biblatex Info: Trying to load language 'slovak'...
Package biblatex Info: ... file 'slovak.lbx' found.

(/usr/local/texlive/2025/texmf-dist/tex/latex/biblatex/lbx/slovak.lbx
File: slovak.lbx 2024/03/21 v3.20 biblatex localization (PK/MW)
)
Package biblatex Info: Trying to load language 'czech'...
Package biblatex Info: ... file 'czech.lbx' found.

(/usr/local/texlive/2025/texmf-dist/tex/latex/biblatex/lbx/czech.lbx
File: czech.lbx 2024/03/21 v3.20 biblatex localization (PK/MW)
)
Package biblatex Info: Trying to load language 'german'...
Package biblatex Info: ... file 'german.lbx' found.

(/usr/local/texlive/2025/texmf-dist/tex/latex/biblatex/lbx/german.lbx
File: german.lbx 2024/03/21 v3.20 biblatex localization (PK/MW)
)
Package biblatex Info: Input encoding 'utf8' detected.
Package biblatex Info: Automatic encoding selection.
(biblatex)             Assuming data encoding 'utf8'.
\openout8 = `thesis.bcf'.

Package biblatex Info: Trying to load bibliographic data...
Package biblatex Info: ... file 'thesis.bbl' found.

(out/thesis.bbl

Package biblatex Warning: The following entry could not be found
(biblatex)                in the database:
(biblatex)                simplejwt
(biblatex)                Please verify the spelling and rerun
(biblatex)                LaTeX afterwards.

)
Package biblatex Info: Reference section=0 on input line 96.
Package biblatex Info: Reference segment=0 on input line 96.
Package hyperref Info: Link coloring OFF on input line 96.
 (out/thesis.out) (out/thesis.out)
\@outlinefile=\write10
\openout10 = `thesis.out'.


(/usr/local/texlive/2025/texmf-dist/tex/latex/pdflscape/pdflscape.sty
Package: pdflscape 2022-10-27 v0.13 Display of landscape pages in PDF

(/usr/local/texlive/2025/texmf-dist/tex/latex/pdflscape/pdflscape-nometadata.st
y
Package: pdflscape-nometadata 2022-10-28 v0.13 Display of landscape pages in PD
F (HO)
 (/usr/local/texlive/2025/texmf-dist/tex/latex/graphics/lscape.sty
Package: lscape 2020/05/28 v3.02 Landscape Pages (DPC)
)
Package pdflscape Info: Auto-detected driver: pdftex on input line 81.
))
Package microtype Info: Patching varwidth to enable character protrusion.
\MT@vwid@leftmargin=\dimen346
\MT@vwid@rightmargin=\dimen347
LaTeX Info: Redefining \microtypecontext on input line 96.
Package microtype Info: Applying patch `toc' on input line 96.
Package microtype Info: Applying patch `eqnum' on input line 96.
Package microtype Info: Applying patch `footnote' on input line 96.
Package microtype Info: Applying patch `verbatim' on input line 96.
LaTeX Info: Redefining \microtypesetup on input line 96.
Package microtype Info: Generating PDF output.
Package microtype Info: Character protrusion enabled (level 2).
Package microtype Info: Using default protrusion set `alltext'.
Package microtype Info: Automatic font expansion enabled (level 2),
(microtype)             stretch: 20, shrink: 20, step: 1, non-selected.
Package microtype Info: Using default expansion set `alltext-nott'.
LaTeX Info: Redefining \showhyphens on input line 96.
Package microtype Info: No adjustment of tracking.
Package microtype Info: No adjustment of interword spacing.
Package microtype Info: No adjustment of character kerning.
Package microtype Info: Redefining babel's language switching commands.

(/usr/local/texlive/2025/texmf-dist/tex/latex/microtype/mt-ppl.cfg
File: mt-ppl.cfg 2005/11/16 v1.6 microtype config. file: Palatino (RS)
)
\@logowidth=\skip106
\@logoheight=\skip107
<fithesis/logo/mu/fithesis-base-english.pdf, id=222, 202.7575pt x 52.195pt>
File: fithesis/logo/mu/fithesis-base-english.pdf Graphic file (type pdf)
<use fithesis/logo/mu/fithesis-base-english.pdf>
Package pdftex.def Info: fithesis/logo/mu/fithesis-base-english.pdf  used on in
put line 96.
(pdftex.def)             Requested size: 182.48006pt x 46.97505pt.
File: fithesis/logo/mu/fithesis-base-english.pdf Graphic file (type pdf)
<use fithesis/logo/mu/fithesis-base-english.pdf>
Package pdftex.def Info: fithesis/logo/mu/fithesis-base-english.pdf  used on in
put line 96.
(pdftex.def)             Requested size: 182.48006pt x 46.97505pt.
File: fithesis/logo/mu/fithesis-base-english.pdf Graphic file (type pdf)
<use fithesis/logo/mu/fithesis-base-english.pdf>
Package pdftex.def Info: fithesis/logo/mu/fithesis-base-english.pdf  used on in
put line 96.
(pdftex.def)             Requested size: 182.48006pt x 46.97505pt.
LaTeX Font Info:    Trying to load font information for T1+qhv on input line 96
.

(/usr/local/texlive/2025/texmf-dist/tex/latex/tex-gyre/t1qhv.fd
File: t1qhv.fd 2009/09/25 v1.2 font definition file for T1/qhv
)
LaTeX Font Info:    Font shape `T1/qhv/m/n' will be
(Font)              scaled to size 10.35608pt on input line 96.
Package microtype Info: Loading generic protrusion settings for font family
(microtype)             `qhv' (encoding: T1).
(microtype)             For optimal results, create family-specific settings.
(microtype)             See the microtype manual for details.
LaTeX Font Info:    Font shape `T1/qhv/m/n' will be
(Font)              scaled to size 12.42728pt on input line 96.
LaTeX Font Info:    Font shape `T1/qhv/b/n' will be
(Font)              scaled to size 10.35608pt on input line 96.
LaTeX Font Info:    Font shape `T1/qhv/b/n' will be
(Font)              scaled to size 21.4716pt on input line 96.
LaTeX Font Info:    Font shape `T1/qhv/m/n' will be
(Font)              scaled to size 14.91275pt on input line 96.
LaTeX Font Info:    Font shape `T1/qhv/m/n' will be
(Font)              scaled to size 17.89876pt on input line 96.


[1

{/usr/local/texlive/2025/texmf-var/fonts/map/pdftex/updmap/pdftex.map}{/usr/loc
al/texlive/2025/texmf-dist/fonts/enc/dvips/tex-gyre/q-ec.enc} <./fithesis/logo/
mu/fithesis-base-english.pdf>]
\@logowidth=\skip108
\@logoheight=\skip109
<fithesis/logo/mu/fithesis-base-english-color.pdf, id=231, 202.7575pt x 52.195p
t>
File: fithesis/logo/mu/fithesis-base-english-color.pdf Graphic file (type pdf)
<use fithesis/logo/mu/fithesis-base-english-color.pdf>
Package pdftex.def Info: fithesis/logo/mu/fithesis-base-english-color.pdf  used
 on input line 96.
(pdftex.def)             Requested size: 182.48006pt x 46.97505pt.
File: fithesis/logo/mu/fithesis-base-english-color.pdf Graphic file (type pdf)
<use fithesis/logo/mu/fithesis-base-english-color.pdf>
Package pdftex.def Info: fithesis/logo/mu/fithesis-base-english-color.pdf  used
 on input line 96.
(pdftex.def)             Requested size: 182.48006pt x 46.97505pt.
File: fithesis/logo/mu/fithesis-base-english-color.pdf Graphic file (type pdf)
<use fithesis/logo/mu/fithesis-base-english-color.pdf>
Package pdftex.def Info: fithesis/logo/mu/fithesis-base-english-color.pdf  used
 on input line 96.
(pdftex.def)             Requested size: 182.48006pt x 46.97505pt.


[1 <./fithesis/logo/mu/fithesis-base-english-color.pdf>]
\@logowidth=\skip110
\@logoheight=\skip111
<fithesis/logo/mu/fithesis-fi-color.pdf, id=237, 291.0875pt x 291.0875pt>
File: fithesis/logo/mu/fithesis-fi-color.pdf Graphic file (type pdf)
<use fithesis/logo/mu/fithesis-fi-color.pdf>
Package pdftex.def Info: fithesis/logo/mu/fithesis-fi-color.pdf  used on input 
line 96.
(pdftex.def)             Requested size: 276.53154pt x 276.53154pt.
File: fithesis/logo/mu/fithesis-fi-color.pdf Graphic file (type pdf)
<use fithesis/logo/mu/fithesis-fi-color.pdf>
Package pdftex.def Info: fithesis/logo/mu/fithesis-fi-color.pdf  used on input 
line 96.
(pdftex.def)             Requested size: 276.53154pt x 276.53154pt.
File: fithesis/logo/mu/fithesis-fi-color.pdf Graphic file (type pdf)
<use fithesis/logo/mu/fithesis-fi-color.pdf>
Package pdftex.def Info: fithesis/logo/mu/fithesis-fi-color.pdf  used on input 
line 96.
(pdftex.def)             Requested size: 276.53154pt x 276.53154pt.


[2 <./fithesis/logo/mu/fithesis-fi-color.pdf>]
LaTeX Font Info:    Trying to load font information for TS1+qpl on input line 9
6.

(/usr/local/texlive/2025/texmf-dist/tex/latex/tex-gyre/ts1qpl.fd
File: ts1qpl.fd 2009/09/25 v1.2 font definition file for TS1/qpl
)

[3{/usr/local/texlive/2025/texmf-dist/fonts/enc/dvips/tex-gyre/q-ts1.enc}]

[4]

[5] (out/thesis.toc
LaTeX Font Info:    Trying to load font information for OT1+ppl on input line 4
.

(/usr/local/texlive/2025/texmf-dist/tex/latex/psnfss/ot1ppl.fd
File: ot1ppl.fd 2001/06/04 font definitions for OT1/ppl.
)<<ot1.cmap>>
LaTeX Font Info:    Trying to load font information for OML+zplm on input line 
4.

(/usr/local/texlive/2025/texmf-dist/tex/latex/psnfss/omlzplm.fd
File: omlzplm.fd 2002/09/08 Fontinst v1.914 font definitions for OML/zplm.
)<<oml.cmap>>
LaTeX Font Info:    Trying to load font information for OMS+zplm on input line 
4.

(/usr/local/texlive/2025/texmf-dist/tex/latex/psnfss/omszplm.fd
File: omszplm.fd 2002/09/08 Fontinst v1.914 font definitions for OMS/zplm.
)<<oms.cmap>>
LaTeX Font Info:    Trying to load font information for OMX+zplm on input line 
4.

(/usr/local/texlive/2025/texmf-dist/tex/latex/psnfss/omxzplm.fd
File: omxzplm.fd 2002/09/08 Fontinst v1.914 font definitions for OMX/zplm.
)<<omx.cmap>>
LaTeX Font Info:    Font shape `U/msa/m/n' will be
(Font)              scaled to size 12.50409pt on input line 4.

(/usr/local/texlive/2025/texmf-dist/tex/latex/microtype/mt-msa.cfg
File: mt-msa.cfg 2006/02/04 v1.1 microtype config. file: AMS symbols (a) (RS)
)
LaTeX Font Info:    Font shape `U/msa/m/n' will be
(Font)              scaled to size 9.37807pt on input line 4.
LaTeX Font Info:    Font shape `U/msa/m/n' will be
(Font)              scaled to size 7.29405pt on input line 4.
LaTeX Font Info:    Font shape `U/msb/m/n' will be
(Font)              scaled to size 12.50409pt on input line 4.

(/usr/local/texlive/2025/texmf-dist/tex/latex/microtype/mt-msb.cfg
File: mt-msb.cfg 2005/06/01 v1.0 microtype config. file: AMS symbols (b) (RS)
)
LaTeX Font Info:    Font shape `U/msb/m/n' will be
(Font)              scaled to size 9.37807pt on input line 4.
LaTeX Font Info:    Font shape `U/msb/m/n' will be
(Font)              scaled to size 7.29405pt on input line 4.
LaTeX Font Info:    Trying to load font information for OT1+zplm on input line 
4.

(/usr/local/texlive/2025/texmf-dist/tex/latex/psnfss/ot1zplm.fd
File: ot1zplm.fd 2002/09/08 Fontinst v1.914 font definitions for OT1/zplm.
)
Package microtype Info: Loading generic protrusion settings for font family
(microtype)             `zplm' (encoding: OT1).
(microtype)             For optimal results, create family-specific settings.
(microtype)             See the microtype manual for details.


[6]
Package microtype Info: Loading generic protrusion settings for font family
(microtype)             `lmtt' (encoding: T1).
(microtype)             For optimal results, create family-specific settings.
(microtype)             See the microtype manual for details.
)
\tf@toc=\write11
\openout11 = `thesis.toc'.



[7{/usr/local/texlive/2025/texmf-dist/fonts/enc/dvips/lm/lm-ec.enc}]
(out/thesis.lot)
\tf@lot=\write12
\openout12 = `thesis.lot'.



[8] (out/thesis.lof)
\tf@lof=\write13
\openout13 = `thesis.lof'.



[9] (./chapters/1_intro.tex
Chapter 1.

LaTeX Warning: Hyper reference `ch:conclusion' on page 1 undefined on input lin
e 38.


LaTeX Warning: Reference `ch:conclusion' on page 1 undefined on input line 38.

) (./chapters/2_survey.tex

[1

]
Chapter 2.

Overfull \hbox (8.12975pt too wide) in paragraph at lines 15--19
[]\T1/qpl/m/n/12 (-20) The ques-tion-naire con-sists of 15 ques-tions. Most of 
them are multiple-
 []

LaTeX Font Info:    Font shape `U/msa/m/n' will be
(Font)              scaled to size 10.42007pt on input line 21.
LaTeX Font Info:    Font shape `U/msa/m/n' will be
(Font)              scaled to size 7.91925pt on input line 21.
LaTeX Font Info:    Font shape `U/msa/m/n' will be
(Font)              scaled to size 6.25204pt on input line 21.
LaTeX Font Info:    Font shape `U/msb/m/n' will be
(Font)              scaled to size 10.42007pt on input line 21.
LaTeX Font Info:    Font shape `U/msb/m/n' will be
(Font)              scaled to size 7.91925pt on input line 21.
LaTeX Font Info:    Font shape `U/msb/m/n' will be
(Font)              scaled to size 6.25204pt on input line 21.

Underfull \hbox (badness 10000) in paragraph at lines 21--21
[][][][][]$\T1/lmtt/m/n/10 https : / / docs . google . com / forms / d / 1vhhAu
 _ SfuHV4xy6JoDaRsM5uCElYn _
 []

<charts/age.png, id=393, 256.5585pt x 165.4983pt>
File: charts/age.png Graphic file (type png)
<use charts/age.png>
Package pdftex.def Info: charts/age.png  used on input line 33.
(pdftex.def)             Requested size: 289.08109pt x 186.49571pt.

Underfull \vbox (badness 6063) has occurred while \output is active []



[2]
<charts/song amount month.png, id=405, 650.43pt x 433.62pt>
File: charts/song amount month.png Graphic file (type png)
<use charts/song amount month.png>
Package pdftex.def Info: charts/song amount month.png  used on input line 51.
(pdftex.def)             Requested size: 327.89388pt x 218.59666pt.
<charts/listening regularity.png, id=406, 650.43pt x 433.62pt>
File: charts/listening regularity.png Graphic file (type png)
<use charts/listening regularity.png>
Package pdftex.def Info: charts/listening regularity.png  used on input line 58
.
(pdftex.def)             Requested size: 327.89388pt x 218.59666pt.
<charts/constumption_method.png, id=408, 1353.1353pt x 649.7073pt>
File: charts/constumption_method.png Graphic file (type png)
<use charts/constumption_method.png>
Package pdftex.def Info: charts/constumption_method.png  used on input line 72.

(pdftex.def)             Requested size: 455.24913pt x 218.59666pt.

Overfull \hbox (93.89914pt too wide) in paragraph at lines 72--73
 [][] 
 []


Overfull \hbox (0.183pt too wide) in paragraph at lines 77--88
\T1/qpl/m/n/12 (-20) serves fur-ther ex-pla-na-tion. Most of the re-spon-dents 
were from Russian-
 []



Package microtype Info: Character `029' is missing
(microtype)             in font `T1/qpl/m/sc/12'.
(microtype)             Ignoring protrusion settings for this character.
[3{/usr/local/texlive/2025/texmf-dist/fonts/enc/dvips/tex-gyre/q-ec-sc.enc} <./
charts/age.png>]

[4 <./charts/song amount month.png> <./charts/listening regularity.png>]
<charts/streaming platform.png, id=424, 650.43pt x 433.62pt>
File: charts/streaming platform.png Graphic file (type png)
<use charts/streaming platform.png>
Package pdftex.def Info: charts/streaming platform.png  used on input line 93.
(pdftex.def)             Requested size: 327.89388pt x 218.59666pt.
<charts/listen together method.png, id=426, 650.43pt x 433.62pt>
File: charts/listen together method.png Graphic file (type png)
<use charts/listen together method.png>
Package pdftex.def Info: charts/listen together method.png  used on input line 
110.
(pdftex.def)             Requested size: 327.89388pt x 218.59666pt.


[5 <./charts/constumption_method.png>]

[6 <./charts/streaming platform.png> <./charts/listen together method.png>]
<charts/listen together freq.png, id=441, 467.346pt x 163.812pt>
File: charts/listen together freq.png Graphic file (type png)
<use charts/listen together freq.png>
Package pdftex.def Info: charts/listen together freq.png  used on input line 12
4.
(pdftex.def)             Requested size: 361.34999pt x 126.65802pt.
<charts/share freq.png, id=443, 463.9734pt x 163.812pt>
File: charts/share freq.png Graphic file (type png)
<use charts/share freq.png>
Package pdftex.def Info: charts/share freq.png  used on input line 141.
(pdftex.def)             Requested size: 361.34999pt x 127.58037pt.
<charts/share method.png, id=445, 650.43pt x 433.62pt>
File: charts/share method.png Graphic file (type png)
<use charts/share method.png>
Package pdftex.def Info: charts/share method.png  used on input line 157.
(pdftex.def)             Requested size: 327.89388pt x 218.59666pt.


[7 <./charts/listen together freq.png>]

[8 <./charts/share freq.png> <./charts/share method.png>])
(./chapters/3_existing_solutions.tex

[9]
Chapter 3.
<charts/discovery methods.png, id=463, 650.43pt x 433.62pt>
File: charts/discovery methods.png Graphic file (type png)
<use charts/discovery methods.png>
Package pdftex.def Info: charts/discovery methods.png  used on input line 18.
(pdftex.def)             Requested size: 327.89388pt x 218.59666pt.


[10 <./charts/discovery methods.png>]

[11]
Underfull \hbox (badness 10000) in paragraph at lines 83--85

 []



[12]

[13]
Underfull \hbox (badness 10000) in paragraph at lines 144--149

 []


Overfull \hbox (5.3342pt too wide) in paragraph at lines 172--172
[]|\T1/qpl/b/n/12 (-20) Interaction
 []


Overfull \hbox (1.51215pt too wide) in paragraph at lines 172--172
[]|\T1/qpl/m/n/12 (-20) Individual| 
 []


Overfull \hbox (1.51215pt too wide) in paragraph at lines 172--172
[]|\T1/qpl/m/n/12 (-20) Individual| 
 []


Overfull \hbox (1.51215pt too wide) in paragraph at lines 172--172
[]|\T1/qpl/m/n/12 (-20) Individual| 
 []


Overfull \hbox (6.9827pt too wide) in paragraph at lines 172--172
[]|\T1/qpl/m/n/12 (-20) Pair/Group| 
 []



[14]) (./chapters/4_specification.tex

[15]
Chapter 4.


[16]

[17]
Overfull \hbox (17.29947pt too wide) in paragraph at lines 50--51
[]\T1/qpl/m/n/12 (-20) The sys-tem shall al-low Users to change pro-vided in-fo
r-ma-tion (name,
 []



[18

]

[19]

[20

]) (./chapters/5_implementation_planning.tex

[21]
Chapter 5.


[22]
Overfull \hbox (0.88503pt too wide) in paragraph at lines 43--49
[]\T1/qpl/m/n/12 (-20) This is usu-ally im-ple-mented with HTTP byte-range re-q
uests. [[]21[]]
 []


Overfull \hbox (1.46078pt too wide) in paragraph at lines 43--49
\T1/qpl/m/n/12 (-20) To make this pos-si-ble, the client re-lies on con-tainer 
meta-data (e.g.,
 []


Overfull \vbox (3.98737pt too high) has occurred while \output is active []



[23]

[24]

[25]

[26]

[27]

[28]

[29]

[30]
Underfull \vbox (badness 5345) has occurred while \output is active []



[31]
Underfull \hbox (badness 10000) in paragraph at lines 381--383

 []



[32]

[33]

[34]
Overfull \vbox (0.28873pt too high) has occurred while \output is active []



[35]

[36]

[37]

[38]) (./chapters/6_implementation.tex

[39]
Chapter 6.
<diagrams/system.png, id=763, 1611.01875pt x 1250.6725pt>
File: diagrams/system.png Graphic file (type png)
<use diagrams/system.png>
Package pdftex.def Info: diagrams/system.png  used on input line 12.
(pdftex.def)             Requested size: 361.34999pt x 280.51132pt.


[40 <./diagrams/system.png (PNG copy)>]
Overfull \vbox (5.06474pt too high) has occurred while \output is active []



[41]
Overfull \hbox (12.85402pt too wide) in paragraph at lines 101--104
\T1/qpl/m/n/12 (-20) dis-tin-guish be-tween two en-cod-ing strate-gies: Con-sta
nt Bi-trate (CBR) [[]90[]]
 []



[42]
\pydata@fh@_2EF71E68B4AD97F630480BCEBC1842FB.data.minted=\write14
\openout14 = `_2EF71E68B4AD97F630480BCEBC1842FB.data.minted'.

runsystem(latexminted config  --timestamp 20260117122134 2EF71E68B4AD97F630480B
CEBC1842FB)...executed.

 (out/_2EF71E68B4AD97F630480BCEBC1842FB.config.minted)
runsystem(latexminted cleanconfig  --timestamp 20260117122134 2EF71E68B4AD97F63
0480BCEBC1842FB)...executed.


(./out/_minted/default.style.minted)
(./out/_minted/AA089FB823A5240285478F6CE8E42CC1.highlight.minted

[43])
Overfull \hbox (10.58221pt too wide) in paragraph at lines 157--159
[]\T1/lmtt/c/it/12 -movflags +fast-start \T1/qpl/m/n/12 (-20) moves the MP4 met
a-data (\T1/lmtt/c/it/12 moov \T1/qpl/m/n/12 (-20) atom [[]98[]])
 []


Overfull \hbox (5.08939pt too wide) in paragraph at lines 167--170
[]\T1/qpl/m/n/12 (-20) Therefore, Shaka Pack-ager was se-lected for the pack-ag
-ing step. [[]100[]]
 []

(./out/_minted/66F001044DE6C9E2471AB6E3685E35D9.highlight.minted

[44])
Overfull \hbox (29.88768pt too wide) in paragraph at lines 193--195
[]\T1/lmtt/c/it/12 "input=*file path N*,stream=audio,init_-seg-ment=*path*, seg
-
 []


Overfull \hbox (16.14705pt too wide) in paragraph at lines 193--195
\T1/lmtt/c/it/12 ment_-tem-plate=*path*,playlist_-name=*name*" \T1/qpl/m/n/12 (
-20) de-fines one pack-
 []


Overfull \hbox (21.6613pt too wide) in paragraph at lines 197--198
[]\T1/lmtt/c/it/12 init_-seg-ment=*path* \T1/qpl/m/n/12 (-20) sets the out-put 
path for the CMAF/fMP4
 []


Overfull \hbox (18.25159pt too wide) in paragraph at lines 199--200
[]\T1/lmtt/c/it/12 playlist_-name=*name* \T1/qpl/m/n/12 (-20) sets the name of 
the per-representation
 []


Overfull \hbox (3.48976pt too wide) in paragraph at lines 202--203
[]\T1/lmtt/c/it/12 --generate_-static_-live_-mpd \T1/qpl/m/n/12 (-20) gen-er-at
es a static MPD with, which
 []



[45]
<diagrams/backend.png, id=856, 2185.16376pt x 925.4575pt>
File: diagrams/backend.png Graphic file (type png)
<use diagrams/backend.png>
Package pdftex.def Info: diagrams/backend.png  used on input line 213.
(pdftex.def)             Requested size: 361.34999pt x 153.0328pt.


[46 <./diagrams/backend.png (PNG copy)>]
<diagrams/class.png, id=865, 3697.815pt x 3294.3075pt>
File: diagrams/class.png Graphic file (type png)
<use diagrams/class.png>
Package pdftex.def Info: diagrams/class.png  used on input line 241.
(pdftex.def)             Requested size: 3697.80603pt x 3294.2995pt.


LaTeX Warning: Float too large for page by 45.85153pt on input line 245.


LaTeX Warning: Reference `enumattack' on page 47 undefined on input line 255.

(./out/_minted/7F1DAE501E60A1AACA71BB88FBBE9CC2.highlight.minted)

[47]

[48 <./diagrams/class.png (PNG copy)>]
Overfull \hbox (1.25212pt too wide) in paragraph at lines 289--292
[]\T1/qpl/m/n/12 (-20) Relations to other users: \T1/lmtt/c/it/12 friends\T1/qp
l/m/n/12 (-20) , which are other \T1/lmtt/c/it/12 Streamin-
 []


LaTeX Warning: Citation 'simplejwt' on page 49 undefined on input line 304.



[49]

[50] (./out/_minted/B25196584FD08253950AB0D9C49AA604.highlight.minted)
Overfull \hbox (18.0pt too wide) in paragraph at lines 356--374
[]$[]$ 
 []


Underfull \hbox (badness 10000) in paragraph at lines 356--374

 []

(./out/_minted/AA85EC5BE0151D519A823EB970639965.highlight.minted
LaTeX Font Info:    Trying to load font information for TS1+lmtt on input line 
3.

(/usr/local/texlive/2025/texmf-dist/tex/latex/lm/ts1lmtt.fd
File: ts1lmtt.fd 2015/05/01 v1.6.1 Font defs for Latin Modern
)
Package microtype Info: Loading generic protrusion settings for font family
(microtype)             `lmtt' (encoding: TS1).
(microtype)             For optimal results, create family-specific settings.
(microtype)             See the microtype manual for details.
Package microtype Info: Character `texttrademark ' is missing
(microtype)             in font `TS1/lmtt/m/n/12'.
(microtype)             Ignoring protrusion settings for this character.
)

[51{/usr/local/texlive/2025/texmf-dist/fonts/enc/dvips/lm/lm-ts1.enc}]

[52]

[53] (./out/_minted/3A25F9F24E004971402461571CFAF153.highlight.minted)

[54]

[55]

LaTeX Warning: Reference `subsec:fedevices' on page 56 undefined on input line 
560.



[56] (./out/_minted/688DDA1799C8DFE825F91B67F1E92BF5.highlight.minted

[57])

[58]
Overfull \hbox (36.74965pt too wide) in paragraph at lines 669--673
\T1/qpl/m/n/12 (-20) first-class sup-port for it through the \T1/lmtt/c/it/12 d
jango.contrib.postgres.search
 []

<diagrams/frontend.png, id=935, 1854.93pt x 952.55875pt>
File: diagrams/frontend.png Graphic file (type png)
<use diagrams/frontend.png>
Package pdftex.def Info: diagrams/frontend.png  used on input line 682.
(pdftex.def)             Requested size: 361.34999pt x 185.55199pt.
) (./chapters/appendix.tex

[59]
Appendix A.
<../extras/survey-questions.pdf, id=942, 614.295pt x 794.97pt>
File: ../extras/survey-questions.pdf Graphic file (type pdf)
<use ../extras/survey-questions.pdf>
Package pdftex.def Info: ../extras/survey-questions.pdf  used on input line 8.
(pdftex.def)             Requested size: 614.29349pt x 794.96806pt.
<../extras/survey-questions.pdf, id=944, page=1, 614.295pt x 794.97pt>
File: ../extras/survey-questions.pdf Graphic file (type pdf)
<use ../extras/survey-questions.pdf, page 1>
Package pdftex.def Info: ../extras/survey-questions.pdf , page1 used on input l
ine 8.
(pdftex.def)             Requested size: 361.34999pt x 467.63326pt.
File: ../extras/survey-questions.pdf Graphic file (type pdf)
<use ../extras/survey-questions.pdf, page 1>
Package pdftex.def Info: ../extras/survey-questions.pdf , page1 used on input l
ine 8.
(pdftex.def)             Requested size: 1016.73932pt x 1315.78033pt.


[60]
File: ../extras/survey-questions.pdf Graphic file (type pdf)
<use ../extras/survey-questions.pdf, page 1>
Package pdftex.def Info: ../extras/survey-questions.pdf , page1 used on input l
ine 8.
(pdftex.def)             Requested size: 1016.73932pt x 1315.78033pt.
File: ../extras/survey-questions.pdf Graphic file (type pdf)
<use ../extras/survey-questions.pdf, page 1>
Package pdftex.def Info: ../extras/survey-questions.pdf , page1 used on input l
ine 8.
(pdftex.def)             Requested size: 1016.73932pt x 1315.78033pt.


File: ../extras/survey-questions.pdf Graphic file (type pdf)
<use ../extras/survey-questions.pdf, page 1>
Package pdftex.def Info: ../extras/survey-questions.pdf , page1 used on input l
ine 8.
(pdftex.def)             Requested size: 1016.73932pt x 1315.78033pt.
[61

 <out/../extras/survey-questions.pdf>]
<../extras/survey-questions.pdf, id=967, page=2, 614.295pt x 794.97pt>
File: ../extras/survey-questions.pdf Graphic file (type pdf)
<use ../extras/survey-questions.pdf, page 2>
Package pdftex.def Info: ../extras/survey-questions.pdf , page2 used on input l
ine 8.
(pdftex.def)             Requested size: 1016.73932pt x 1315.78033pt.
File: ../extras/survey-questions.pdf Graphic file (type pdf)
<use ../extras/survey-questions.pdf, page 2>
Package pdftex.def Info: ../extras/survey-questions.pdf , page2 used on input l
ine 8.
(pdftex.def)             Requested size: 1016.73932pt x 1315.78033pt.


File: ../extras/survey-questions.pdf Graphic file (type pdf)
<use ../extras/survey-questions.pdf, page 2>
Package pdftex.def Info: ../extras/survey-questions.pdf , page2 used on input l
ine 8.
(pdftex.def)             Requested size: 1016.73932pt x 1315.78033pt.
[62

 <out/../extras/survey-questions.pdf>]
<../extras/survey-questions.pdf, id=972, page=3, 614.295pt x 794.97pt>
File: ../extras/survey-questions.pdf Graphic file (type pdf)
<use ../extras/survey-questions.pdf, page 3>
Package pdftex.def Info: ../extras/survey-questions.pdf , page3 used on input l
ine 8.
(pdftex.def)             Requested size: 1016.73932pt x 1315.78033pt.
File: ../extras/survey-questions.pdf Graphic file (type pdf)
<use ../extras/survey-questions.pdf, page 3>
Package pdftex.def Info: ../extras/survey-questions.pdf , page3 used on input l
ine 8.
(pdftex.def)             Requested size: 1016.73932pt x 1315.78033pt.


File: ../extras/survey-questions.pdf Graphic file (type pdf)
<use ../extras/survey-questions.pdf, page 3>
Package pdftex.def Info: ../extras/survey-questions.pdf , page3 used on input l
ine 8.
(pdftex.def)             Requested size: 1016.73932pt x 1315.78033pt.
[63

 <out/../extras/survey-questions.pdf>]
<../extras/survey-questions.pdf, id=978, page=4, 614.295pt x 794.97pt>
File: ../extras/survey-questions.pdf Graphic file (type pdf)
<use ../extras/survey-questions.pdf, page 4>
Package pdftex.def Info: ../extras/survey-questions.pdf , page4 used on input l
ine 8.
(pdftex.def)             Requested size: 1016.73932pt x 1315.78033pt.
File: ../extras/survey-questions.pdf Graphic file (type pdf)
<use ../extras/survey-questions.pdf, page 4>
Package pdftex.def Info: ../extras/survey-questions.pdf , page4 used on input l
ine 8.
(pdftex.def)             Requested size: 1016.73932pt x 1315.78033pt.


File: ../extras/survey-questions.pdf Graphic file (type pdf)
<use ../extras/survey-questions.pdf, page 4>
Package pdftex.def Info: ../extras/survey-questions.pdf , page4 used on input l
ine 8.
(pdftex.def)             Requested size: 1016.73932pt x 1315.78033pt.
[64

 <out/../extras/survey-questions.pdf>]
<../extras/survey-questions.pdf, id=983, page=5, 614.295pt x 794.97pt>
File: ../extras/survey-questions.pdf Graphic file (type pdf)
<use ../extras/survey-questions.pdf, page 5>
Package pdftex.def Info: ../extras/survey-questions.pdf , page5 used on input l
ine 8.
(pdftex.def)             Requested size: 1016.73932pt x 1315.78033pt.
File: ../extras/survey-questions.pdf Graphic file (type pdf)
<use ../extras/survey-questions.pdf, page 5>
Package pdftex.def Info: ../extras/survey-questions.pdf , page5 used on input l
ine 8.
(pdftex.def)             Requested size: 1016.73932pt x 1315.78033pt.


File: ../extras/survey-questions.pdf Graphic file (type pdf)
<use ../extras/survey-questions.pdf, page 5>
Package pdftex.def Info: ../extras/survey-questions.pdf , page5 used on input l
ine 8.
(pdftex.def)             Requested size: 1016.73932pt x 1315.78033pt.
[65

 <out/../extras/survey-questions.pdf>]
<../extras/survey-questions.pdf, id=988, page=6, 614.295pt x 794.97pt>
File: ../extras/survey-questions.pdf Graphic file (type pdf)
<use ../extras/survey-questions.pdf, page 6>
Package pdftex.def Info: ../extras/survey-questions.pdf , page6 used on input l
ine 8.
(pdftex.def)             Requested size: 1016.73932pt x 1315.78033pt.
File: ../extras/survey-questions.pdf Graphic file (type pdf)
<use ../extras/survey-questions.pdf, page 6>
Package pdftex.def Info: ../extras/survey-questions.pdf , page6 used on input l
ine 8.
(pdftex.def)             Requested size: 1016.73932pt x 1315.78033pt.


File: ../extras/survey-questions.pdf Graphic file (type pdf)
<use ../extras/survey-questions.pdf, page 6>
Package pdftex.def Info: ../extras/survey-questions.pdf , page6 used on input l
ine 8.
(pdftex.def)             Requested size: 1016.73932pt x 1315.78033pt.
[66

 <out/../extras/survey-questions.pdf>]
<../extras/survey-questions.pdf, id=997, page=7, 614.295pt x 794.97pt>
File: ../extras/survey-questions.pdf Graphic file (type pdf)
<use ../extras/survey-questions.pdf, page 7>
Package pdftex.def Info: ../extras/survey-questions.pdf , page7 used on input l
ine 8.
(pdftex.def)             Requested size: 1016.73932pt x 1315.78033pt.
File: ../extras/survey-questions.pdf Graphic file (type pdf)
<use ../extras/survey-questions.pdf, page 7>
Package pdftex.def Info: ../extras/survey-questions.pdf , page7 used on input l
ine 8.
(pdftex.def)             Requested size: 1016.73932pt x 1315.78033pt.


File: ../extras/survey-questions.pdf Graphic file (type pdf)
<use ../extras/survey-questions.pdf, page 7>
Package pdftex.def Info: ../extras/survey-questions.pdf , page7 used on input l
ine 8.
(pdftex.def)             Requested size: 1016.73932pt x 1315.78033pt.
[67

 <out/../extras/survey-questions.pdf>])

[68 <./diagrams/frontend.png (PNG copy)>]
Underfull \hbox (badness 2717) in paragraph at lines 104--104
\T1/lmtt/c/it/12 664508917489819 ? helpref = faq _ content$[] \T1/qpl/m/n/12 (+
20) (vis-ited on
 []



[69]
Underfull \hbox (badness 10000) in paragraph at lines 104--104
[]\T1/qpl/m/it/12 (+20) Mozilla Caching Be-haviour Doc-u-men-ta-tion\T1/qpl/m/n
/12 (+20) . \T1/qpl/m/sc/12 (+20) url\T1/qpl/m/n/12 (+20) : []$\T1/lmtt/c/it/12
 https :
 []


Underfull \hbox (badness 1303) in paragraph at lines 104--104
\T1/lmtt/c/it/12 com / en / 5 . 2 / topics / http / sessions/$[] \T1/qpl/m/n/12
 (+20) (vis-ited on
 []



[70]
Underfull \hbox (badness 4713) in paragraph at lines 104--104
[]\T1/qpl/m/it/12 (+20) Generic Event De-liv-ery Us-ing HTTP Push\T1/qpl/m/n/12
 (+20) . \T1/qpl/m/sc/12 (+20) url\T1/qpl/m/n/12 (+20) : []$\T1/lmtt/c/it/12 ht
tps :
 []


Underfull \hbox (badness 7081) in paragraph at lines 104--104
[]\T1/qpl/m/it/12 (+20) Java, Python and Javascript, a com-par-i-son\T1/qpl/m/n
/12 (+20) . \T1/qpl/m/sc/12 (+20) url\T1/qpl/m/n/12 (+20) : []$\T1/lmtt/c/it/12
 https :
 []


Underfull \hbox (badness 4805) in paragraph at lines 104--104
[]\T1/qpl/m/it/12 (+20) StackOverflow 2024 De-vel-op-ers Sur-vey\T1/qpl/m/n/12 
(+20) . \T1/qpl/m/sc/12 (+20) url\T1/qpl/m/n/12 (+20) : []$\T1/lmtt/c/it/12 htt
ps : / /
 []



[71]
Underfull \hbox (badness 3746) in paragraph at lines 104--104
\T1/lmtt/c/it/12 org / docs / current / textsearch . html$[] \T1/qpl/m/n/12 (+2
0) (vis-ited on
 []


Overfull \hbox (2.24815pt too wide) in paragraph at lines 104--104
[]\T1/qpl/m/it/12 (-20) Django Post-greSQL Sup-port\T1/qpl/m/n/12 (-20) . \T1/q
pl/m/sc/12 (-20) url\T1/qpl/m/n/12 (-20) : []$\T1/lmtt/c/it/12 https : / / docs
 . djangoproject .
 []


Underfull \hbox (badness 1303) in paragraph at lines 104--104
\T1/lmtt/c/it/12 com / en / 5 . 2 / ref / contrib / postgres/$[] \T1/qpl/m/n/12
 (+20) (vis-ited on
 []


Underfull \hbox (badness 5203) in paragraph at lines 104--104
[]\T1/qpl/m/it/12 (+20) How declar-a-tive UI com-pares to im-per-a-tive\T1/qpl/
m/n/12 (+20) . \T1/qpl/m/sc/12 (+20) url\T1/qpl/m/n/12 (+20) : []$\T1/lmtt/c/it
/12 https :
 []


Underfull \hbox (badness 1337) in paragraph at lines 104--104
\T1/lmtt/c/it/12 questions / tagged / reactjs ? tab = Newest$[] \T1/qpl/m/n/12 
(+20) (vis-ited on
 []



[72]
Underfull \hbox (badness 1845) in paragraph at lines 104--104
\T1/lmtt/c/it/12 academia . edu / 44039524 / IRJET _ Addressing _ the _
 []


Underfull \hbox (badness 1087) in paragraph at lines 104--104
\T1/lmtt/c/it/12 http -[] live -[] streaming / about -[] the -[] common -[] med
ia -[]
 []


Underfull \hbox (badness 1221) in paragraph at lines 104--104
[]\T1/qpl/m/it/12 (+20) HTTP Live Stream-ing (HLS) au-thor-ing spec-i-fi-ca-tio
n for Ap-
 []



[73]
Underfull \hbox (badness 1968) in paragraph at lines 104--104
\T1/qpl/m/it/12 (+20) de-vices. Bi-trate rec-om-men-da-tions, sec-tion 2.25. \T
1/qpl/m/sc/12 (+20) url\T1/qpl/m/n/12 (+20) : []$\T1/lmtt/c/it/12 https :
 []



[74]
Underfull \hbox (badness 2726) in paragraph at lines 104--104
[]\T1/qpl/m/it/12 (+20) Django Con-tent Type Frame-work\T1/qpl/m/n/12 (+20) . \
T1/qpl/m/sc/12 (+20) url\T1/qpl/m/n/12 (+20) : []$\T1/lmtt/c/it/12 https : / / 
docs .
 []



[75] (out/thesis.aux)
 ***********
LaTeX2e <2024-11-01> patch level 2
L3 programming layer <2020/03/25>
 ***********


LaTeX Font Warning: Some font shapes were not available, defaults substituted.


LaTeX Warning: There were undefined references.

Package rerunfilecheck Info: File `thesis.out' has not changed.
(rerunfilecheck)             Checksum: 36D3478E46CFB3B32689EC17E0704912;3493.
Package logreq Info: Writing requests to 'thesis.run.xml'.
\openout1 = `thesis.run.xml'.

 ) 
Here is how much of TeX's memory you used:
 47547 strings out of 473190
 959764 string characters out of 5715799
 1917976 words of memory out of 5000000
 69399 multiletter control sequences out of 15000+600000
 641679 words of font info for 225 fonts, out of 8000000 for 9000
 1143 hyphenation exceptions out of 8191
 100i,17n,123p,1183b,2431s stack positions out of 10000i,1000n,20000p,200000b,200000s
</usr/local/texlive/2025/texmf-dist/fonts/type1/public/lm/lmtk10.pfb></usr/lo
cal/texlive/2025/texmf-dist/fonts/type1/public/lm/lmtt10.pfb></usr/local/texliv
e/2025/texmf-dist/fonts/type1/public/lm/lmtt12.pfb></usr/local/texlive/2025/tex
mf-dist/fonts/type1/public/tex-gyre/qhvb.pfb></usr/local/texlive/2025/texmf-dis
t/fonts/type1/public/tex-gyre/qhvr.pfb></usr/local/texlive/2025/texmf-dist/font
s/type1/public/tex-gyre/qplb.pfb></usr/local/texlive/2025/texmf-dist/fonts/type
1/public/tex-gyre/qplbi.pfb></usr/local/texlive/2025/texmf-dist/fonts/type1/pub
lic/tex-gyre/qplr.pfb></usr/local/texlive/2025/texmf-dist/fonts/type1/public/te
x-gyre/qplri.pfb>
Output written on out/thesis.pdf (85 pages, 3462336 bytes).
PDF statistics:
 1345 PDF objects out of 1440 (max. 8388607)
 1185 compressed objects within 12 object streams
 289 named destinations out of 1000 (max. 500000)
 45647 words of extra memory for PDF output out of 51595 (max. 10000000)

