This is pdfTeX, Version 3.141592653-2.6-1.40.29 (TeX Live 2026) (preloaded format=pdflatex 2026.5.11)  13 MAY 2026 21:14
entering extended mode
 \write18 enabled.
 %&-line parsing enabled.
**thesis.tex
(./thesis.tex
LaTeX2e <2025-11-01>
L3 programming layer <2026-01-19>
(./fithesis4.cls
Document Class: fithesis4 2025/08/11 v1.1.2 fithesis4 MU thesis class
(/usr/local/texlive/2026/texmf-dist/tex/latex/ntgclass/rapport3.cls
Document Class: rapport3 2025/12/29 v2.1h NTG LaTeX document class
(/usr/local/texlive/2026/texmf-dist/tex/latex/ntgclass/ntg10.clo
File: ntg10.clo 2025/12/29 v2.1h NTG LaTeX file (size option)
)
\unitindent=\dimen148
\othermargin=\dimen149
\c@part=\count275
\c@chapter=\count276
\c@section=\count277
\c@subsection=\count278
\c@subsubsection=\count279
\c@paragraph=\count280
\c@subparagraph=\count281
\c@figure=\count282
\c@table=\count283
\abovecaptionskip=\skip49
\belowcaptionskip=\skip50
LaTeX Info: Redefining \em on input line 818.
\bibindent=\dimen150
)
(/usr/local/texlive/2026/texmf-dist/tex/latex/graphics/keyval.sty
Package: keyval 2022/05/29 v1.15 key=value parser (DPC)
\KV@toks@=\toks17
)
(/usr/local/texlive/2026/texmf-dist/tex/latex/etoolbox/etoolbox.sty
Package: etoolbox 2025/10/02 v2.5m e-TeX tools for LaTeX (JAW)
\etb@tempcnta=\count284
)
(/usr/local/texlive/2026/texmf-dist/tex/generic/ltxcmds/ltxcmds.sty
Package: ltxcmds 2023-12-04 v1.26 LaTeX kernel commands for general use (HO)
)
(/usr/local/texlive/2026/texmf-dist/tex/generic/iftex/ifxetex.sty
Package: ifxetex 2019/10/25 v0.7 ifxetex legacy package. Use iftex instead.

(/usr/local/texlive/2026/texmf-dist/tex/generic/iftex/iftex.sty
Package: iftex 2024/12/12 v1.0g TeX engine tests
))
(/usr/local/texlive/2026/texmf-dist/tex/generic/iftex/ifluatex.sty
Package: ifluatex 2019/10/25 v1.5 ifluatex legacy package. Use iftex instead.
)
(/usr/local/texlive/2026/texmf-dist/tex/latex/base/inputenc.sty
Package: inputenc 2024/02/08 v1.3d Input encoding file
\inpenc@prehook=\toks18
\inpenc@posthook=\toks19
)
(/usr/local/texlive/2026/texmf-dist/tex/latex/xpatch/xpatch.sty
(/usr/local/texlive/2026/texmf-dist/tex/latex/l3kernel/expl3.sty
Package: expl3 2026-01-19 L3 programming layer (loader) 

(/usr/local/texlive/2026/texmf-dist/tex/latex/l3backend/l3backend-pdftex.def
File: l3backend-pdftex.def 2025-10-09 L3 backend support: PDF output (pdfTeX)
\l__color_backend_stack_int=\count285
))
Package: xpatch 2020/03/25 v0.3a Extending etoolbox patching commands

(/usr/local/texlive/2026/texmf-dist/tex/latex/l3packages/xparse/xparse.sty
Package: xparse 2025-10-09 L3 Experimental document command parser
))
\@month=\count286
\@year=\count287
)
(/usr/local/texlive/2026/texmf-dist/tex/latex/cmap/cmap.sty
Package: cmap 2021/02/06 v1.0j CMap support: searchable PDF
)
(/usr/local/texlive/2026/texmf-dist/tex/generic/pdftex/glyphtounicode.tex)
(/usr/local/texlive/2026/texmf-dist/tex/latex/base/fontenc.sty
Package: fontenc 2025/07/18 v2.1d Standard LaTeX package

(/usr/local/texlive/2026/texmf-dist/tex/latex/cyrillic/t2aenc.def
File: t2aenc.def 2023/11/07 v1.0k Cyrillic encoding definition file
Now handling font encoding T2A ...
... processing UTF-8 mapping file for font encoding T2A

(/usr/local/texlive/2026/texmf-dist/tex/latex/base/t2aenc.dfu
File: t2aenc.dfu 2022/06/07 v1.3c UTF-8 support
   defining Unicode char U+00A4 (decimal 164)
   defining Unicode char U+00A7 (decimal 167)
   defining Unicode char U+00AB (decimal 171)
   defining Unicode char U+00BB (decimal 187)
   defining Unicode char U+0131 (decimal 305)
   defining Unicode char U+0237 (decimal 567)
   defining Unicode char U+0400 (decimal 1024)
   defining Unicode char U+0401 (decimal 1025)
   defining Unicode char U+0402 (decimal 1026)
   defining Unicode char U+0403 (decimal 1027)
   defining Unicode char U+0404 (decimal 1028)
   defining Unicode char U+0405 (decimal 1029)
   defining Unicode char U+0406 (decimal 1030)
   defining Unicode char U+0407 (decimal 1031)
   defining Unicode char U+0408 (decimal 1032)
   defining Unicode char U+0409 (decimal 1033)
   defining Unicode char U+040A (decimal 1034)
   defining Unicode char U+040B (decimal 1035)
   defining Unicode char U+040C (decimal 1036)
   defining Unicode char U+040D (decimal 1037)
   defining Unicode char U+040E (decimal 1038)
   defining Unicode char U+040F (decimal 1039)
   defining Unicode char U+0410 (decimal 1040)
   defining Unicode char U+0411 (decimal 1041)
   defining Unicode char U+0412 (decimal 1042)
   defining Unicode char U+0413 (decimal 1043)
   defining Unicode char U+0414 (decimal 1044)
   defining Unicode char U+0415 (decimal 1045)
   defining Unicode char U+0416 (decimal 1046)
   defining Unicode char U+0417 (decimal 1047)
   defining Unicode char U+0418 (decimal 1048)
   defining Unicode char U+0419 (decimal 1049)
   defining Unicode char U+041A (decimal 1050)
   defining Unicode char U+041B (decimal 1051)
   defining Unicode char U+041C (decimal 1052)
   defining Unicode char U+041D (decimal 1053)
   defining Unicode char U+041E (decimal 1054)
   defining Unicode char U+041F (decimal 1055)
   defining Unicode char U+0420 (decimal 1056)
   defining Unicode char U+0421 (decimal 1057)
   defining Unicode char U+0422 (decimal 1058)
   defining Unicode char U+0423 (decimal 1059)
   defining Unicode char U+0424 (decimal 1060)
   defining Unicode char U+0425 (decimal 1061)
   defining Unicode char U+0426 (decimal 1062)
   defining Unicode char U+0427 (decimal 1063)
   defining Unicode char U+0428 (decimal 1064)
   defining Unicode char U+0429 (decimal 1065)
   defining Unicode char U+042A (decimal 1066)
   defining Unicode char U+042B (decimal 1067)
   defining Unicode char U+042C (decimal 1068)
   defining Unicode char U+042D (decimal 1069)
   defining Unicode char U+042E (decimal 1070)
   defining Unicode char U+042F (decimal 1071)
   defining Unicode char U+0430 (decimal 1072)
   defining Unicode char U+0431 (decimal 1073)
   defining Unicode char U+0432 (decimal 1074)
   defining Unicode char U+0433 (decimal 1075)
   defining Unicode char U+0434 (decimal 1076)
   defining Unicode char U+0435 (decimal 1077)
   defining Unicode char U+0436 (decimal 1078)
   defining Unicode char U+0437 (decimal 1079)
   defining Unicode char U+0438 (decimal 1080)
   defining Unicode char U+0439 (decimal 1081)
   defining Unicode char U+043A (decimal 1082)
   defining Unicode char U+043B (decimal 1083)
   defining Unicode char U+043C (decimal 1084)
   defining Unicode char U+043D (decimal 1085)
   defining Unicode char U+043E (decimal 1086)
   defining Unicode char U+043F (decimal 1087)
   defining Unicode char U+0440 (decimal 1088)
   defining Unicode char U+0441 (decimal 1089)
   defining Unicode char U+0442 (decimal 1090)
   defining Unicode char U+0443 (decimal 1091)
   defining Unicode char U+0444 (decimal 1092)
   defining Unicode char U+0445 (decimal 1093)
   defining Unicode char U+0446 (decimal 1094)
   defining Unicode char U+0447 (decimal 1095)
   defining Unicode char U+0448 (decimal 1096)
   defining Unicode char U+0449 (decimal 1097)
   defining Unicode char U+044A (decimal 1098)
   defining Unicode char U+044B (decimal 1099)
   defining Unicode char U+044C (decimal 1100)
   defining Unicode char U+044D (decimal 1101)
   defining Unicode char U+044E (decimal 1102)
   defining Unicode char U+044F (decimal 1103)
   defining Unicode char U+0450 (decimal 1104)
   defining Unicode char U+0451 (decimal 1105)
   defining Unicode char U+0452 (decimal 1106)
   defining Unicode char U+0453 (decimal 1107)
   defining Unicode char U+0454 (decimal 1108)
   defining Unicode char U+0455 (decimal 1109)
   defining Unicode char U+0456 (decimal 1110)
   defining Unicode char U+0457 (decimal 1111)
   defining Unicode char U+0458 (decimal 1112)
   defining Unicode char U+0459 (decimal 1113)
   defining Unicode char U+045A (decimal 1114)
   defining Unicode char U+045B (decimal 1115)
   defining Unicode char U+045C (decimal 1116)
   defining Unicode char U+045D (decimal 1117)
   defining Unicode char U+045E (decimal 1118)
   defining Unicode char U+045F (decimal 1119)
   defining Unicode char U+0490 (decimal 1168)
   defining Unicode char U+0491 (decimal 1169)
   defining Unicode char U+0492 (decimal 1170)
   defining Unicode char U+0493 (decimal 1171)
   defining Unicode char U+0496 (decimal 1174)
   defining Unicode char U+0497 (decimal 1175)
   defining Unicode char U+0498 (decimal 1176)
   defining Unicode char U+0499 (decimal 1177)
   defining Unicode char U+049A (decimal 1178)
   defining Unicode char U+049B (decimal 1179)
   defining Unicode char U+049C (decimal 1180)
   defining Unicode char U+049D (decimal 1181)
   defining Unicode char U+04A0 (decimal 1184)
   defining Unicode char U+04A1 (decimal 1185)
   defining Unicode char U+04A2 (decimal 1186)
   defining Unicode char U+04A3 (decimal 1187)
   defining Unicode char U+04A4 (decimal 1188)
   defining Unicode char U+04A5 (decimal 1189)
   defining Unicode char U+04AA (decimal 1194)
   defining Unicode char U+04AB (decimal 1195)
   defining Unicode char U+04AE (decimal 1198)
   defining Unicode char U+04AF (decimal 1199)
   defining Unicode char U+04B0 (decimal 1200)
   defining Unicode char U+04B1 (decimal 1201)
   defining Unicode char U+04B2 (decimal 1202)
   defining Unicode char U+04B3 (decimal 1203)
   defining Unicode char U+04B6 (decimal 1206)
   defining Unicode char U+04B7 (decimal 1207)
   defining Unicode char U+04B8 (decimal 1208)
   defining Unicode char U+04B9 (decimal 1209)
   defining Unicode char U+04BA (decimal 1210)
   defining Unicode char U+04BB (decimal 1211)
   defining Unicode char U+04C0 (decimal 1216)
   defining Unicode char U+04C1 (decimal 1217)
   defining Unicode char U+04C2 (decimal 1218)
   defining Unicode char U+04D0 (decimal 1232)
   defining Unicode char U+04D1 (decimal 1233)
   defining Unicode char U+04D2 (decimal 1234)
   defining Unicode char U+04D3 (decimal 1235)
   defining Unicode char U+04D4 (decimal 1236)
   defining Unicode char U+04D5 (decimal 1237)
   defining Unicode char U+04D6 (decimal 1238)
   defining Unicode char U+04D7 (decimal 1239)
   defining Unicode char U+04D8 (decimal 1240)
   defining Unicode char U+04D9 (decimal 1241)
   defining Unicode char U+04DA (decimal 1242)
   defining Unicode char U+04DB (decimal 1243)
   defining Unicode char U+04DC (decimal 1244)
   defining Unicode char U+04DD (decimal 1245)
   defining Unicode char U+04DE (decimal 1246)
   defining Unicode char U+04DF (decimal 1247)
   defining Unicode char U+04E2 (decimal 1250)
   defining Unicode char U+04E3 (decimal 1251)
   defining Unicode char U+04E4 (decimal 1252)
   defining Unicode char U+04E5 (decimal 1253)
   defining Unicode char U+04E6 (decimal 1254)
   defining Unicode char U+04E7 (decimal 1255)
   defining Unicode char U+04E8 (decimal 1256)
   defining Unicode char U+04E9 (decimal 1257)
   defining Unicode char U+04EC (decimal 1260)
   defining Unicode char U+04ED (decimal 1261)
   defining Unicode char U+04EE (decimal 1262)
   defining Unicode char U+04EF (decimal 1263)
   defining Unicode char U+04F0 (decimal 1264)
   defining Unicode char U+04F1 (decimal 1265)
   defining Unicode char U+04F2 (decimal 1266)
   defining Unicode char U+04F3 (decimal 1267)
   defining Unicode char U+04F4 (decimal 1268)
   defining Unicode char U+04F5 (decimal 1269)
   defining Unicode char U+04F8 (decimal 1272)
   defining Unicode char U+04F9 (decimal 1273)
   defining Unicode char U+200C (decimal 8204)
   defining Unicode char U+2013 (decimal 8211)
   defining Unicode char U+2014 (decimal 8212)
   defining Unicode char U+2018 (decimal 8216)
   defining Unicode char U+2019 (decimal 8217)
   defining Unicode char U+201C (decimal 8220)
   defining Unicode char U+201D (decimal 8221)
   defining Unicode char U+201E (decimal 8222)
   defining Unicode char U+2030 (decimal 8240)
   defining Unicode char U+2031 (decimal 8241)
   defining Unicode char U+2116 (decimal 8470)
   defining Unicode char U+2329 (decimal 9001)
   defining Unicode char U+3008 (decimal 12296)
   defining Unicode char U+232A (decimal 9002)
   defining Unicode char U+3009 (decimal 12297)
   defining Unicode char U+2423 (decimal 9251)
   defining Unicode char U+27E8 (decimal 10216)
   defining Unicode char U+27E9 (decimal 10217)
   defining Unicode char U+FB00 (decimal 64256)
   defining Unicode char U+FB01 (decimal 64257)
   defining Unicode char U+FB02 (decimal 64258)
   defining Unicode char U+FB03 (decimal 64259)
   defining Unicode char U+FB04 (decimal 64260)
   defining Unicode char U+FB05 (decimal 64261)
   defining Unicode char U+FB06 (decimal 64262)
))
LaTeX Font Info:    Trying to load font information for T2A+cmr on input line 1
16.

(/usr/local/texlive/2026/texmf-dist/tex/latex/cyrillic/t2acmr.fd
File: t2acmr.fd 2001/08/11 v1.0a Computer Modern Cyrillic font definitions
)<<t2a.cmap>>)
(/usr/local/texlive/2026/texmf-dist/tex/generic/babel/babel.sty
Package: babel 2026/03/08 v26.4 The multilingual framework for LuaLaTeX, pdfLaT
eX and XeLaTeX
\babel@savecnt=\count288
LaTeX Encoding Info:    Redeclaring text command \ij (encoding OT1) on input li
ne 2078.
LaTeX Encoding Info:    Redeclaring text command \IJ (encoding OT1) on input li
ne 2080.
LaTeX Encoding Info:    Redeclaring text command \ij (encoding T1) on input lin
e 2082.
LaTeX Encoding Info:    Redeclaring text command \IJ (encoding T1) on input lin
e 2083.
LaTeX Encoding Info:    Ignoring declaration for text command \ij (encoding ?) 
on input line 2084.
LaTeX Encoding Info:    Ignoring declaration for text command \IJ (encoding ?) 
on input line 2086.
LaTeX Encoding Info:    Ignoring declaration for text command \SS (encoding ?) 
on input line 2111.
\U@D=\dimen151
\l@unhyphenated=\language91

(/usr/local/texlive/2026/texmf-dist/tex/generic/babel/txtbabel.def)
\bbl@readstream=\read2
\bbl@dirlevel=\count289

(/usr/local/texlive/2026/texmf-dist/tex/generic/babel/locale/en/babel-english.t
ex)
(/usr/local/texlive/2026/texmf-dist/tex/generic/babel/locale/de/babel-german.te
x)
(/usr/local/texlive/2026/texmf-dist/tex/generic/babel/locale/cs/babel-czech.tex
)
(/usr/local/texlive/2026/texmf-dist/tex/generic/babel/locale/sk/babel-slovak.te
x)
(/usr/local/texlive/2026/texmf-dist/tex/generic/babel/locale/en/babel-english.t
ex)
Package babel Info: Importing font and identification data for german
(babel)             from babel-de.ini. Reported on input line 4330.
 (/usr/local/texlive/2026/texmf-dist/tex/generic/babel-german/german.ldf
Language: german 

(/usr/local/texlive/2026/texmf-dist/tex/generic/babel-german/babel-german.def
Package babel Info: Making " an active character on input line 496.
))
Package babel Info: Importing font and identification data for czech
(babel)             from babel-cs.ini. Reported on input line 4330.
(/usr/local/texlive/2026/texmf-dist/tex/generic/babel-czech/czech.ldf
Language: czech 2008/07/06 v3.1a Czech support from the babel system
\cs@wordlen=\count290
Package babel Info: Making - an active character on input line 226.
)
Package babel Info: Importing font and identification data for slovak
(babel)             from babel-sk.ini. Reported on input line 4330.

(/usr/local/texlive/2026/texmf-dist/tex/generic/babel-slovak/slovak.ldf
Language: slovak 2008/07/06 v3.1a Slovak support from the babel system
Package babel Info: Making ^ an active character on input line 123.
Package babel Info: Making ' an active character on input line 129.
LaTeX Encoding Info:    Ignoring declaration for text command \clqq (encoding O
T1) on input line 251.
LaTeX Encoding Info:    Ignoring declaration for text command \clqq (encoding T
1) on input line 258.
LaTeX Encoding Info:    Ignoring declaration for text command \clqq (encoding ?
) on input line 260.
LaTeX Encoding Info:    Ignoring declaration for text command \crqq (encoding O
T1) on input line 261.
LaTeX Encoding Info:    Ignoring declaration for text command \crqq (encoding T
1) on input line 263.
LaTeX Encoding Info:    Ignoring declaration for text command \crqq (encoding ?
) on input line 265.
LaTeX Encoding Info:    Ignoring declaration for text command \clq (encoding OT
1) on input line 266.
LaTeX Encoding Info:    Ignoring declaration for text command \clq (encoding T1
) on input line 268.
LaTeX Encoding Info:    Ignoring declaration for text command \clq (encoding ?)
 on input line 270.
LaTeX Encoding Info:    Ignoring declaration for text command \crq (encoding OT
1) on input line 271.
LaTeX Encoding Info:    Ignoring declaration for text command \crq (encoding T1
) on input line 273.
LaTeX Encoding Info:    Ignoring declaration for text command \crq (encoding ?)
 on input line 275.
LaTeX Info: Redefining \uv on input line 278.
\cs@wordlen=\count291
)
Package babel Info: Importing font and identification data for english
(babel)             from babel-en.ini. Reported on input line 4330.

(/usr/local/texlive/2026/texmf-dist/tex/generic/babel-english/english.ldf
Language: english 2017/06/06 v3.3r English support from the babel system
Package babel Info: Hyphen rules for 'canadian' set to \l@english
(babel)             (\language0). Reported on input line 102.
Package babel Info: Hyphen rules for 'australian' set to \l@ukenglish
(babel)             (\language22). Reported on input line 105.
Package babel Info: Hyphen rules for 'newzealand' set to \l@ukenglish
(babel)             (\language22). Reported on input line 108.
))
(/usr/local/texlive/2026/texmf-dist/tex/latex/hyphenat/hyphenat.sty
Package: hyphenat 2009/09/02 v2.3c hyphenation utilities


Package hyphenat Warning: *******************************
(hyphenat)                * You have used the htt option.
(hyphenat)                * You are likely to get many Font Warning messages.
(hyphenat)                * These can usually be ignored.
(hyphenat)                *******************************.

\langwohyphens=\language92
LaTeX Info: Redefining \_ on input line 43.
) (/usr/local/texlive/2026/texmf-dist/tex/latex/minted/minted.sty
Package: minted 2026/03/03 v3.8.0 Yet another Pygments shim for LaTeX

(/usr/local/texlive/2026/texmf-dist/tex/generic/catchfile/catchfile.sty
Package: catchfile 2019/12/09 v1.8 Catch the contents of a file (HO)

(/usr/local/texlive/2026/texmf-dist/tex/generic/infwarerr/infwarerr.sty
Package: infwarerr 2019/12/03 v1.5 Providing info/warning/error messages (HO)
)
(/usr/local/texlive/2026/texmf-dist/tex/generic/etexcmds/etexcmds.sty
Package: etexcmds 2019/12/15 v1.7 Avoid name clashes with e-TeX commands (HO)
))
(/usr/local/texlive/2026/texmf-dist/tex/latex/fvextra/fvextra.sty
Package: fvextra 2026/02/25 v1.14.0 fvextra - extensions and patches for fancyv
rb

(/usr/local/texlive/2026/texmf-dist/tex/latex/fancyvrb/fancyvrb.sty
Package: fancyvrb 2025/07/28 4.6 verbatim text (tvz,hv)
\FV@CodeLineNo=\count292
\FV@InFile=\read3
\FV@TabBox=\box53
\c@FancyVerbLine=\count293
\FV@StepNumber=\count294
\FV@OutFile=\write3
)
(/usr/local/texlive/2026/texmf-dist/tex/latex/upquote/upquote.sty
Package: upquote 2012/04/19 v1.3 upright-quote and grave-accent glyphs in verba
tim

(/usr/local/texlive/2026/texmf-dist/tex/latex/base/textcomp.sty
Package: textcomp 2024/04/24 v2.1b Standard LaTeX package
))
(/usr/local/texlive/2026/texmf-dist/tex/latex/lineno/lineno.sty
Package: lineno 2026/03/08 line numbers on paragraphs v5.9

(/usr/local/texlive/2026/texmf-dist/tex/latex/kvoptions/kvoptions.sty
Package: kvoptions 2022-06-15 v3.15 Key value format for package options (HO)

(/usr/local/texlive/2026/texmf-dist/tex/latex/kvsetkeys/kvsetkeys.sty
Package: kvsetkeys 2022-10-05 v1.19 Key value parser (HO)
))
\linenopenalty=\count295
\output=\toks20
\linenoprevgraf=\count296
\linenumbersep=\dimen152
\linenumberwidth=\dimen153
\c@linenumber=\count297
\c@pagewiselinenumber=\count298
\c@LN@truepage=\count299
\c@internallinenumber=\count300
\c@internallinenumbers=\count301
\quotelinenumbersep=\dimen154
\bframerule=\dimen155
\bframesep=\dimen156
\bframebox=\box54
)
\c@FancyVerbWriteLine=\count302
\c@FancyVerbBufferLine=\count303
\c@FV@TrueTabGroupLevel=\count304
\c@FV@TrueTabCounter=\count305
\FV@TabBox@Group=\box55
\FV@bgcolorstructbox=\box56
\FV@TmpLength=\skip51
\c@FV@HighlightLinesStart=\count306
\c@FV@HighlightLinesStop=\count307
\FV@LoopCount=\count308
\FV@NCharsBox=\box57
\FV@BreakIndent=\dimen157
\FV@BreakIndentNChars=\count309
\FV@BreakSymbolSepLeft=\dimen158
\FV@BreakSymbolSepLeftNChars=\count310
\FV@BreakSymbolSepRight=\dimen159
\FV@BreakSymbolSepRightNChars=\count311
\FV@BreakSymbolIndentLeft=\dimen160
\FV@BreakSymbolIndentLeftNChars=\count312
\FV@BreakSymbolIndentRight=\dimen161
\FV@BreakSymbolIndentRightNChars=\count313
\c@FancyVerbLineBreakLast=\count314
\FV@LineBox=\box58
\FV@LineIndentBox=\box59
\c@FV@BreakBufferDepth=\count315
\FV@LineWidth=\dimen162
)
(/usr/local/texlive/2026/texmf-dist/tex/latex/latex2pydata/latex2pydata.sty
Package: latex2pydata 2026/02/25 v0.7.0 latex2pydata - write data to file in Py
thon literal format
)
(/usr/local/texlive/2026/texmf-dist/tex/latex/pgf/utilities/pgfkeys.sty
(/usr/local/texlive/2026/texmf-dist/tex/generic/pgf/utilities/pgfkeys.code.tex
\pgfkeys@pathtoks=\toks21
\pgfkeys@temptoks=\toks22

(/usr/local/texlive/2026/texmf-dist/tex/generic/pgf/utilities/pgfkeyslibraryfil
tered.code.tex
\pgfkeys@tmptoks=\toks23
)))
(/usr/local/texlive/2026/texmf-dist/tex/latex/pgfopts/pgfopts.sty
Package: pgfopts 2014/07/10 v2.1a LaTeX package options with pgfkeys
\pgfopts@list@add@a@toks=\toks24
\pgfopts@list@add@b@toks=\toks25
)
(/usr/local/texlive/2026/texmf-dist/tex/latex/tools/shellesc.sty
Package: shellesc 2023/07/08 v1.0d unified shell escape interface for LaTeX
Package shellesc Info: Unrestricted shell escape enabled on input line 75.
)
(/usr/local/texlive/2026/texmf-dist/tex/latex/newfloat/newfloat.sty
Package: newfloat 2023/10/01 v1.2 Defining new floating environments (AR)
Package newfloat Info: Document class `report' detected (original).
)
\c@minted@FancyVerbLineTemp=\count316
Package newfloat Info: New float `listing' with options `fileext=lol,placement=
tbp' on input line 1985.
\c@listing=\count317
\newfloat@ftype=\count318
Package newfloat Info: float type `listing'=8 on input line 1985.
)
(/usr/local/texlive/2026/texmf-dist/tex/latex/adjustbox/adjustbox.sty
Package: adjustbox 2025/02/26 v1.3c Adjusting TeX boxes (trim, clip, ...)

(/usr/local/texlive/2026/texmf-dist/tex/latex/xkeyval/xkeyval.sty
Package: xkeyval 2025/11/04 v2.10 package option processing (HA)

(/usr/local/texlive/2026/texmf-dist/tex/generic/xkeyval/xkeyval.tex
(/usr/local/texlive/2026/texmf-dist/tex/generic/xkeyval/xkvutils.tex
\XKV@toks=\toks26
\XKV@tempa@toks=\toks27
\XKV@tempb@toks=\toks28
)
\XKV@depth=\count319
File: xkeyval.tex 2014/12/03 v2.7a key=value parser (HA)
))
(/usr/local/texlive/2026/texmf-dist/tex/latex/adjustbox/adjcalc.sty
Package: adjcalc 2012/05/16 v1.1 Provides advanced setlength with multiple back
-ends (calc, etex, pgfmath)
)
(/usr/local/texlive/2026/texmf-dist/tex/latex/adjustbox/trimclip.sty
Package: trimclip 2025/02/21 v1.2a Trim and clip general TeX material

(/usr/local/texlive/2026/texmf-dist/tex/latex/graphics/graphicx.sty
Package: graphicx 2024/12/31 v1.2e Enhanced LaTeX Graphics (DPC,SPQR)

(/usr/local/texlive/2026/texmf-dist/tex/latex/graphics/graphics.sty
Package: graphics 2024/08/06 v1.4g Standard LaTeX Graphics (DPC,SPQR)

(/usr/local/texlive/2026/texmf-dist/tex/latex/graphics/trig.sty
Package: trig 2023/12/02 v1.11 sin cos tan (DPC)
)
(/usr/local/texlive/2026/texmf-dist/tex/latex/graphics-cfg/graphics.cfg
File: graphics.cfg 2016/06/04 v1.11 sample graphics configuration
)
Package graphics Info: Driver file: pdftex.def on input line 106.

(/usr/local/texlive/2026/texmf-dist/tex/latex/graphics-def/pdftex.def
File: pdftex.def 2025/09/29 v1.2d Graphics/color driver for pdftex
))
\Gin@req@height=\dimen163
\Gin@req@width=\dimen164
)
(/usr/local/texlive/2026/texmf-dist/tex/latex/collectbox/collectbox.sty
Package: collectbox 2022/10/17 v0.4c Collect macro arguments as boxes
\collectedbox=\box60
)
\tc@llx=\dimen165
\tc@lly=\dimen166
\tc@urx=\dimen167
\tc@ury=\dimen168
Package trimclip Info: Using driver 'tc-pdftex.def'.

(/usr/local/texlive/2026/texmf-dist/tex/latex/adjustbox/tc-pdftex.def
File: tc-pdftex.def 2025/02/26 v2.3 Clipping driver for pdftex
))
\adjbox@Width=\dimen169
\adjbox@Height=\dimen170
\adjbox@Depth=\dimen171
\adjbox@Totalheight=\dimen172
\adjbox@pwidth=\dimen173
\adjbox@pheight=\dimen174
\adjbox@pdepth=\dimen175
\adjbox@ptotalheight=\dimen176

(/usr/local/texlive/2026/texmf-dist/tex/latex/ifoddpage/ifoddpage.sty
Package: ifoddpage 2022/10/18 v1.2 Conditionals for odd/even page detection
\c@checkoddpage=\count320
)
(/usr/local/texlive/2026/texmf-dist/tex/latex/varwidth/varwidth.sty
Package: varwidth 2009/03/30 ver 0.92;  Variable-width minipages
\@vwid@box=\box61
\sift@deathcycles=\count321
\@vwid@loff=\dimen177
\@vwid@roff=\dimen178
)
==> First Aid for varwidth.sty applied!
)
\@month=\count322
\@year=\count323
 (/usr/local/texlive/2026/texmf-dist/tex/latex/base/makeidx.sty
Package: makeidx 2021/10/04 v1.0m Standard LaTeX package
)
\@indexfile=\write4
\openout4 = `thesis.idx'.


Writing index file thesis.idx
(/usr/local/texlive/2026/texmf-dist/tex/latex/paralist/paralist.sty
Package: paralist 2017/01/22 v2.7 Extended list environments
\pltopsep=\skip52
\plpartopsep=\skip53
\plitemsep=\skip54
\plparsep=\skip55
\pl@lab=\toks29
)
(/usr/local/texlive/2026/texmf-dist/tex/latex/amsmath/amsmath.sty
Package: amsmath 2025/07/09 v2.17z AMS math features
\@mathmargin=\skip56

For additional information on amsmath, use the `?' option.
(/usr/local/texlive/2026/texmf-dist/tex/latex/amsmath/amstext.sty
Package: amstext 2024/11/17 v2.01 AMS text

(/usr/local/texlive/2026/texmf-dist/tex/latex/amsmath/amsgen.sty
File: amsgen.sty 1999/11/30 v2.0 generic functions
\@emptytoks=\toks30
\ex@=\dimen179
))
(/usr/local/texlive/2026/texmf-dist/tex/latex/amsmath/amsbsy.sty
Package: amsbsy 1999/11/29 v1.2d Bold Symbols
\pmbraise@=\dimen180
)
(/usr/local/texlive/2026/texmf-dist/tex/latex/amsmath/amsopn.sty
Package: amsopn 2022/04/08 v2.04 operator names
)
\inf@bad=\count324
LaTeX Info: Redefining \frac on input line 233.
\uproot@=\count325
\leftroot@=\count326
LaTeX Info: Redefining \overline on input line 398.
LaTeX Info: Redefining \colon on input line 409.
\classnum@=\count327
\DOTSCASE@=\count328
LaTeX Info: Redefining \ldots on input line 495.
LaTeX Info: Redefining \dots on input line 498.
LaTeX Info: Redefining \cdots on input line 619.
\Mathstrutbox@=\box62
\strutbox@=\box63
LaTeX Info: Redefining \big on input line 721.
LaTeX Info: Redefining \Big on input line 722.
LaTeX Info: Redefining \bigg on input line 723.
LaTeX Info: Redefining \Bigg on input line 724.
\big@size=\dimen181
LaTeX Font Info:    Redeclaring font encoding OML on input line 742.
LaTeX Font Info:    Redeclaring font encoding OMS on input line 743.
\macc@depth=\count329
LaTeX Info: Redefining \bmod on input line 904.
LaTeX Info: Redefining \pmod on input line 909.
LaTeX Info: Redefining \smash on input line 939.
LaTeX Info: Redefining \relbar on input line 969.
LaTeX Info: Redefining \Relbar on input line 970.
\c@MaxMatrixCols=\count330
\dotsspace@=\muskip17
\c@parentequation=\count331
\dspbrk@lvl=\count332
\tag@help=\toks31
\row@=\count333
\column@=\count334
\maxfields@=\count335
\andhelp@=\toks32
\eqnshift@=\dimen182
\alignsep@=\dimen183
\tagshift@=\dimen184
\tagwidth@=\dimen185
\totwidth@=\dimen186
\lineht@=\dimen187
\@envbody=\toks33
\multlinegap=\skip57
\multlinetaggap=\skip58
\mathdisplay@stack=\toks34
LaTeX Info: Redefining \[ on input line 2950.
LaTeX Info: Redefining \] on input line 2951.
)
\@LN@amsmath@ams@eqpen=\count336

(/usr/local/texlive/2026/texmf-dist/tex/latex/amscls/amsthm.sty
Package: amsthm 2020/05/29 v2.20.6
\thm@style=\toks35
\thm@bodyfont=\toks36
\thm@headfont=\toks37
\thm@notefont=\toks38
\thm@headpunct=\toks39
\thm@preskip=\skip59
\thm@postskip=\skip60
\thm@headsep=\skip61
\dth@everypar=\toks40
)
(/usr/local/texlive/2026/texmf-dist/tex/latex/amsfonts/amsfonts.sty
Package: amsfonts 2013/01/14 v3.01 Basic AMSFonts support
\symAMSa=\mathgroup4
\symAMSb=\mathgroup5
LaTeX Font Info:    Redeclaring math symbol \hbar on input line 98.
LaTeX Font Info:    Overwriting math alphabet `\mathfrak' in version `bold'
(Font)                  U/euf/m/n --> U/euf/b/n on input line 106.
)
(/usr/local/texlive/2026/texmf-dist/tex/latex/url/url.sty
\Urlmuskip=\muskip18
Package: url 2013/09/16  ver 3.4  Verb mode for urls, etc.
)
(/usr/local/texlive/2026/texmf-dist/tex/latex/markdown/markdown.sty
(/usr/local/texlive/2026/texmf-dist/tex/generic/markdown/markdown.tex
(/usr/local/texlive/2026/texmf-dist/tex/generic/lt3luabridge/lt3luabridge.tex
\g_luabridge_method_int=\count337

Package luabridge Info: Using shell escape as the bridging method

)
\markdownInputFileStream=\read4
\markdownOutputFileStream=\write5
)
\markdownOptionFrozenCacheCounter=\count338
\g_tmpa_iow=\write6
\openout6 = `thesis.luabridge.lua'.


Package luabridge Info: Writing a helper Lua script to file
(luabridge)             thesis.luabridge.lua


Package luabridge Info: Executing a helper Lua script from file
(luabridge)             thesis.luabridge.lua


(|TEXMF_OUTPUT_DIRECTORY=${TEXMF_OUTPUT_DIRECTORY:-.}
texlua $TEXMF_OUTPUT_DIRECTORY/thesis.luabridge.lua)
Package: markdown 2026-01-02 v3.13.0-0-gdd212d58 markdown renderer
)

Package markdown Info: Loading version latest of LaTeX Markdown theme
(markdown)             witiko/markdown/defaults


(/usr/local/texlive/2026/texmf-dist/tex/latex/markdown/markdownthemewitiko_mark
down_defaults.sty

Package markdown Info: Loading version latest of plain TeX Markdown theme
(markdown)             witiko/markdown/defaults


(/usr/local/texlive/2026/texmf-dist/tex/generic/markdown/markdownthemewitiko_ma
rkdown_defaults.tex)
(/usr/local/texlive/2026/texmf-dist/tex/latex/amsfonts/amssymb.sty
Package: amssymb 2013/01/14 v3.01 AMS font symbols
)
(/usr/local/texlive/2026/texmf-dist/tex/latex/csvsimple/csvsimple.sty
Package: csvsimple 2024/09/27 v2.7.0 LaTeX CSV file processing
)
(/usr/local/texlive/2026/texmf-dist/tex/latex/csvsimple/csvsimple-legacy.sty
Package: csvsimple-legacy 2024/09/27 version 2.7.0 LaTeX2e CSV file processing

(/usr/local/texlive/2026/texmf-dist/tex/latex/pgf/utilities/pgfrcs.sty
(/usr/local/texlive/2026/texmf-dist/tex/generic/pgf/utilities/pgfutil-common.te
x
\pgfutil@everybye=\toks41
\pgfutil@tempdima=\dimen188
\pgfutil@tempdimb=\dimen189
)
(/usr/local/texlive/2026/texmf-dist/tex/generic/pgf/utilities/pgfutil-latex.def
\pgfutil@abb=\box64
) (/usr/local/texlive/2026/texmf-dist/tex/generic/pgf/utilities/pgfrcs.code.tex
(/usr/local/texlive/2026/texmf-dist/tex/generic/pgf/pgf.revision.tex)
Package: pgfrcs 2025-08-29 v3.1.11a (3.1.11a)
))
(/usr/local/texlive/2026/texmf-dist/tex/latex/base/ifthen.sty
Package: ifthen 2024/03/16 v1.1e Standard LaTeX ifthen package (DPC)
)
\csv@file=\read5
\c@csvinputline=\count339
\c@csvrow=\count340
\c@csvcol=\count341
\csv@out=\write7
)
\markdownLaTeXCitationsCounter=\count342
\markdownLaTeXRowCounter=\count343
\markdownLaTeXRowTotal=\count344
\markdownLaTeXColumnCounter=\count345
\markdownLaTeXColumnTotal=\count346
\markdownLaTeXTable=\toks42
\markdownLaTeXTableAlignment=\toks43
\markdownLaTeXTableEnd=\toks44
)
(/usr/local/texlive/2026/texmf-dist/tex/latex/listings/listings.sty
\lst@mode=\count347
\lst@gtempboxa=\box65
\lst@token=\toks45
\lst@length=\count348
\lst@currlwidth=\dimen190
\lst@column=\count349
\lst@pos=\count350
\lst@lostspace=\dimen191
\lst@width=\dimen192
\lst@newlines=\count351
\lst@lineno=\count352
\lst@maxwidth=\dimen193

(/usr/local/texlive/2026/texmf-dist/tex/latex/listings/lstpatch.sty
File: lstpatch.sty 2025/11/14 1.11b (Carsten Heinz)
)
(/usr/local/texlive/2026/texmf-dist/tex/latex/listings/lstmisc.sty
File: lstmisc.sty 2025/11/14 1.11b (Carsten Heinz)
\c@lstnumber=\count353
\lst@skipnumbers=\count354
\lst@framebox=\box66
)
(/usr/local/texlive/2026/texmf-dist/tex/latex/listings/listings.cfg
File: listings.cfg 2025/11/14 1.11b listings configuration
))
Package: listings 2025/11/14 1.11b (Carsten Heinz)

==> First Aid for listings.sty no longer applied!
    Expected:
        2024/09/23 1.10c (Carsten Heinz)
    but found:
        2025/11/14 1.11b (Carsten Heinz)
    so I'm assuming it got fixed.
(/usr/local/texlive/2026/texmf-dist/tex/latex/floatrow/floatrow.sty
Package: floatrow 2008/08/02 v0.3b floatrow: float package extension

(/usr/local/texlive/2026/texmf-dist/tex/latex/caption/caption3.sty
Package: caption3 2023/07/31 v2.4d caption3 kernel (AR)
\caption@tempdima=\dimen194
\captionmargin=\dimen195
\caption@leftmargin=\dimen196
\caption@rightmargin=\dimen197
\caption@width=\dimen198
\caption@indent=\dimen199
\caption@parindent=\dimen256
\caption@hangindent=\dimen257
Package caption Info: NTG document class detected.

(/usr/local/texlive/2026/texmf-dist/tex/latex/caption/caption-ntg.sto
File: caption-ntg.sto 2020/08/22 v2.0 Adaption of the caption package to the NT
G document classes (AR)
))
\c@float@type=\count355
\float@exts=\toks46
\float@box=\box67
\@floatcapt=\box68
Package floatrow Info: Modified float package code loaded on input line 455.
Package floatrow Info: Modified rotfloat package code loaded on input line 473.

\FR@everyfloat=\toks47
\flrow@foot=\insert252
\FB@wd=\dimen258
\FBo@wd=\dimen259
\FBc@wd=\dimen260
\FBo@ht=\skip62
\FBc@ht=\skip63
\FBf@ht=\skip64
\FBo@max=\skip65
\FBc@max=\skip66
\FBf@max=\skip67
\c@FBl@b=\count356
\floatbox@depth=\count357
\c@FRobj=\count358
\c@FRsobj=\count359
\Xhsize=\skip68
\sXhsize=\skip69
\Zhsize=\skip70
\sZhsize=\skip71
\flrow@rowbox=\box69
\FR@Zunitlength=\dimen261
\c@FBcnt=\count360
\FPOScnt=\count361
\LTleft=\skip72
\LTright=\skip73
\LTleft=\skip74
\LTright=\skip75
\flrow@types=\toks48
)
(/usr/local/texlive/2026/texmf-dist/tex/latex/csquotes/csquotes.sty
Package: csquotes 2024-04-04 v5.2o context-sensitive quotations (JAW)
\csq@reset=\count362
\csq@gtype=\count363
\csq@glevel=\count364
\csq@qlevel=\count365
\csq@maxlvl=\count366
\csq@tshold=\count367
\csq@ltx@everypar=\toks49

(/usr/local/texlive/2026/texmf-dist/tex/latex/csquotes/csquotes.def
File: csquotes.def 2024-04-04 v5.2o csquotes generic definitions (JAW)
)
Package csquotes Info: Trying to load configuration file 'csquotes.cfg'...
Package csquotes Info: ... configuration file loaded successfully.

(/usr/local/texlive/2026/texmf-dist/tex/latex/csquotes/csquotes.cfg
File: csquotes.cfg 
)
Package csquotes Info: Option 'babel' depreciated.
(csquotes)             Using 'autostyle'.
Package csquotes Info: Enabling multilingual quotes.
)
(/usr/local/texlive/2026/texmf-dist/tex/latex/pdfpages/pdfpages.sty
Package: pdfpages 2025/07/23 v0.6g Insert pages of external PDF documents (AM)

(/usr/local/texlive/2026/texmf-dist/tex/latex/tools/calc.sty
Package: calc 2025/03/01 v4.3b Infix arithmetic (KKT,FJ)
\calc@Acount=\count368
\calc@Bcount=\count369
\calc@Adimen=\dimen262
\calc@Bdimen=\dimen263
\calc@Askip=\skip76
\calc@Bskip=\skip77
LaTeX Info: Redefining \setlength on input line 86.
LaTeX Info: Redefining \addtolength on input line 87.
\calc@Ccount=\count370
\calc@Cskip=\skip78
)
(/usr/local/texlive/2026/texmf-dist/tex/latex/eso-pic/eso-pic.sty
Package: eso-pic 2025/12/10 v3.0d eso-pic (RN)
\ESO@tempdima=\dimen264
\ESO@tempdimb=\dimen265

(/usr/local/texlive/2026/texmf-dist/tex/latex/xcolor/xcolor.sty
Package: xcolor 2024/09/29 v3.02 LaTeX color extensions (UK)

(/usr/local/texlive/2026/texmf-dist/tex/latex/graphics-cfg/color.cfg
File: color.cfg 2016/01/02 v1.6 sample color configuration
)
Package xcolor Info: Driver file: pdftex.def on input line 274.

(/usr/local/texlive/2026/texmf-dist/tex/latex/graphics/mathcolor.ltx)
Package xcolor Info: Model `cmy' substituted by `cmy0' on input line 1349.
Package xcolor Info: Model `hsb' substituted by `rgb' on input line 1353.
Package xcolor Info: Model `RGB' extended on input line 1365.
Package xcolor Info: Model `HTML' substituted by `rgb' on input line 1367.
Package xcolor Info: Model `Hsb' substituted by `hsb' on input line 1368.
Package xcolor Info: Model `tHsb' substituted by `hsb' on input line 1369.
Package xcolor Info: Model `HSB' substituted by `hsb' on input line 1370.
Package xcolor Info: Model `Gray' substituted by `gray' on input line 1371.
Package xcolor Info: Model `wave' substituted by `hsb' on input line 1372.
))
\AM@pagewidth=\dimen266
\AM@pageheight=\dimen267
\AM@fboxrule=\dimen268

(/usr/local/texlive/2026/texmf-dist/tex/latex/pdfpages/pppdftex.def
File: pppdftex.def 2025/07/23 v0.6g Pdfpages driver for pdfTeX (AM)
)
\pdfpages@includegraphics@status=\count371
\AM@pagebox=\box70
\AM@global@opts=\toks50
\AM@pagecnt=\count372
\AM@toc@title=\toks51
\AM@lof@heading=\toks52
\c@AM@survey=\count373
\AM@templatesizebox=\box71
)
(/usr/local/texlive/2026/texmf-dist/tex/latex/biblatex/biblatex.sty
Package: biblatex 2025/07/10 v3.21 programmable bibliographies (PK/MW)

(/usr/local/texlive/2026/texmf-dist/tex/generic/pdftexcmds/pdftexcmds.sty
Package: pdftexcmds 2020-06-27 v0.33 Utility functions of pdfTeX for LuaTeX (HO
)
Package pdftexcmds Info: \pdf@primitive is available.
Package pdftexcmds Info: \pdf@ifprimitive is available.
Package pdftexcmds Info: \pdfdraftmode found.
)
(/usr/local/texlive/2026/texmf-dist/tex/latex/logreq/logreq.sty
Package: logreq 2010/08/04 v1.0 xml request logger
\lrq@indent=\count374

(/usr/local/texlive/2026/texmf-dist/tex/latex/logreq/logreq.def
File: logreq.def 2010/08/04 v1.0 logreq spec v1.0
))
\c@tabx@nest=\count375
\c@listtotal=\count376
\c@listcount=\count377
\c@liststart=\count378
\c@liststop=\count379
\c@citecount=\count380
\c@citetotal=\count381
\c@multicitecount=\count382
\c@multicitetotal=\count383
\c@instcount=\count384
\c@maxnames=\count385
\c@minnames=\count386
\c@maxitems=\count387
\c@minitems=\count388
\c@citecounter=\count389
\c@maxcitecounter=\count390
\c@savedcitecounter=\count391
\c@uniquelist=\count392
\c@uniquename=\count393
\c@refsection=\count394
\c@refsegment=\count395
\c@maxextratitle=\count396
\c@maxextratitleyear=\count397
\c@maxextraname=\count398
\c@maxextradate=\count399
\c@maxextraalpha=\count400
\c@abbrvpenalty=\count401
\c@highnamepenalty=\count402
\c@lownamepenalty=\count403
\c@maxparens=\count404
\c@parenlevel=\count405
\blx@tempcnta=\count406
\blx@tempcntb=\count407
\blx@tempcntc=\count408
\c@blx@maxsection=\count409
\blx@maxsegment@0=\count410
\blx@notetype=\count411
\blx@parenlevel@text=\count412
\blx@parenlevel@foot=\count413
\blx@sectionciteorder@0=\count414
\blx@sectionciteorderinternal@0=\count415
\blx@entrysetcounter=\count416
\blx@biblioinstance=\count417
\labelnumberwidth=\skip79
\labelalphawidth=\skip80
\biblabelsep=\skip81
\bibitemsep=\skip82
\bibnamesep=\skip83
\bibinitsep=\skip84
\bibparsep=\skip85
\bibhang=\skip86
\blx@bcfin=\read6
\blx@bcfout=\write8
\blx@langwohyphens=\language93
\c@mincomprange=\count418
\c@maxcomprange=\count419
\c@mincompwidth=\count420
Package biblatex Info: Trying to load biblatex default data model...
Package biblatex Info: ... file 'blx-dm.def' found.

(/usr/local/texlive/2026/texmf-dist/tex/latex/biblatex/blx-dm.def
File: blx-dm.def 2025/07/10 v3.21 biblatex datamodel (PK/MW)
)
Package biblatex Info: Trying to load biblatex custom data model...
Package biblatex Info: ... file 'biblatex-dm.cfg' not found.
\c@afterword=\count421
\c@savedafterword=\count422
\c@annotator=\count423
\c@savedannotator=\count424
\c@author=\count425
\c@savedauthor=\count426
\c@bookauthor=\count427
\c@savedbookauthor=\count428
\c@commentator=\count429
\c@savedcommentator=\count430
\c@editor=\count431
\c@savededitor=\count432
\c@editora=\count433
\c@savededitora=\count434
\c@editorb=\count435
\c@savededitorb=\count436
\c@editorc=\count437
\c@savededitorc=\count438
\c@foreword=\count439
\c@savedforeword=\count440
\c@holder=\count441
\c@savedholder=\count442
\c@introduction=\count443
\c@savedintroduction=\count444
\c@namea=\count445
\c@savednamea=\count446
\c@nameb=\count447
\c@savednameb=\count448
\c@namec=\count449
\c@savednamec=\count450
\c@translator=\count451
\c@savedtranslator=\count452
\c@shortauthor=\count453
\c@savedshortauthor=\count454
\c@shorteditor=\count455
\c@savedshorteditor=\count456
\c@labelname=\count457
\c@savedlabelname=\count458
\c@institution=\count459
\c@savedinstitution=\count460
\c@lista=\count461
\c@savedlista=\count462
\c@listb=\count463
\c@savedlistb=\count464
\c@listc=\count465
\c@savedlistc=\count466
\c@listd=\count467
\c@savedlistd=\count468
\c@liste=\count469
\c@savedliste=\count470
\c@listf=\count471
\c@savedlistf=\count472
\c@location=\count473
\c@savedlocation=\count474
\c@organization=\count475
\c@savedorganization=\count476
\c@origlocation=\count477
\c@savedoriglocation=\count478
\c@origpublisher=\count479
\c@savedorigpublisher=\count480
\c@publisher=\count481
\c@savedpublisher=\count482
\c@language=\count483
\c@savedlanguage=\count484
\c@origlanguage=\count485
\c@savedoriglanguage=\count486
\c@pageref=\count487
\c@savedpageref=\count488
\shorthandwidth=\skip87
\shortjournalwidth=\skip88
\shortserieswidth=\skip89
\shorttitlewidth=\skip90
\shortauthorwidth=\skip91
\shorteditorwidth=\skip92
\locallabelnumberwidth=\skip93
\locallabelalphawidth=\skip94
\localshorthandwidth=\skip95
\localshortjournalwidth=\skip96
\localshortserieswidth=\skip97
\localshorttitlewidth=\skip98
\localshortauthorwidth=\skip99
\localshorteditorwidth=\skip100
Package biblatex Info: Trying to load compatibility code...
Package biblatex Info: ... file 'blx-compat.def' found.

(/usr/local/texlive/2026/texmf-dist/tex/latex/biblatex/blx-compat.def
File: blx-compat.def 2025/07/10 v3.21 biblatex compatibility (PK/MW)
)
Package biblatex Info: Trying to load generic definitions...
Package biblatex Info: ... file 'biblatex.def' found.

(/usr/local/texlive/2026/texmf-dist/tex/latex/biblatex/biblatex.def
File: biblatex.def 2025/07/10 v3.21 biblatex compatibility (PK/MW)
\c@textcitecount=\count489
\c@textcitetotal=\count490
\c@textcitemaxnames=\count491
\c@biburlbigbreakpenalty=\count492
\c@biburlbreakpenalty=\count493
\c@biburlnumpenalty=\count494
\c@biburlucpenalty=\count495
\c@biburllcpenalty=\count496
\biburlbigskip=\muskip19
\biburlnumskip=\muskip20
\biburlucskip=\muskip21
\biburllcskip=\muskip22
\c@smartand=\count497
)
Package biblatex Info: Trying to load bibliography style 'numeric'...
Package biblatex Info: ... file 'numeric.bbx' found.

(/usr/local/texlive/2026/texmf-dist/tex/latex/biblatex/bbx/numeric.bbx
File: numeric.bbx 2025/07/10 v3.21 biblatex bibliography style (PK/MW)
Package biblatex Info: Trying to load bibliography style 'standard'...
Package biblatex Info: ... file 'standard.bbx' found.

(/usr/local/texlive/2026/texmf-dist/tex/latex/biblatex/bbx/standard.bbx
File: standard.bbx 2025/07/10 v3.21 biblatex bibliography style (PK/MW)
\c@bbx:relatedcount=\count498
\c@bbx:relatedtotal=\count499
))
Package biblatex Info: Trying to load citation style 'numeric'...
Package biblatex Info: ... file 'numeric.cbx' found.

(/usr/local/texlive/2026/texmf-dist/tex/latex/biblatex/cbx/numeric.cbx
File: numeric.cbx 2025/07/10 v3.21 biblatex citation style (PK/MW)
Package biblatex Info: Redefining '\cite'.
Package biblatex Info: Redefining '\parencite'.
Package biblatex Info: Redefining '\footcite'.
Package biblatex Info: Redefining '\footcitetext'.
Package biblatex Info: Redefining '\smartcite'.
Package biblatex Info: Redefining '\supercite'.
Package biblatex Info: Redefining '\textcite'.
Package biblatex Info: Redefining '\textcites'.
Package biblatex Info: Redefining '\cites'.
Package biblatex Info: Redefining '\parencites'.
Package biblatex Info: Redefining '\smartcites'.
)
Package biblatex Info: Trying to load configuration file...
Package biblatex Info: ... file 'biblatex.cfg' found.

(/usr/local/texlive/2026/texmf-dist/tex/latex/biblatex/biblatex.cfg
File: biblatex.cfg 
)
Package biblatex Info: Input encoding 'utf8' detected.
Package biblatex Info: Document encoding is UTF8 ....
Package biblatex Info: ... and expl3
(biblatex)             2026-01-19 L3 programming layer (loader) 
(biblatex)             is new enough (at least 2020/04/06),
(biblatex)             setting 'casechanger=expl3'.

(/usr/local/texlive/2026/texmf-dist/tex/latex/biblatex/blx-case-expl3.sty
Package: blx-case-expl3 2025/07/10 v3.21 expl3 case changing code for biblatex
))
(/usr/local/texlive/2026/texmf-dist/tex/latex/hyperref/hyperref.sty
Package: hyperref 2026-01-29 v7.01p Hypertext links for LaTeX

(/usr/local/texlive/2026/texmf-dist/tex/generic/kvdefinekeys/kvdefinekeys.sty
Package: kvdefinekeys 2019-12-19 v1.6 Define keys (HO)
)
(/usr/local/texlive/2026/texmf-dist/tex/generic/pdfescape/pdfescape.sty
Package: pdfescape 2019/12/09 v1.15 Implements pdfTeX's escape features (HO)
)
(/usr/local/texlive/2026/texmf-dist/tex/latex/hycolor/hycolor.sty
Package: hycolor 2020-01-27 v1.10 Color options for hyperref/bookmark (HO)
)
(/usr/local/texlive/2026/texmf-dist/tex/latex/hyperref/nameref.sty
Package: nameref 2026-01-29 v2.58 Cross-referencing by name of section

(/usr/local/texlive/2026/texmf-dist/tex/latex/refcount/refcount.sty
Package: refcount 2019/12/15 v3.6 Data extraction from label references (HO)
)
(/usr/local/texlive/2026/texmf-dist/tex/generic/gettitlestring/gettitlestring.s
ty
Package: gettitlestring 2019/12/15 v1.6 Cleanup title references (HO)
)
\c@section@level=\count500
) (/usr/local/texlive/2026/texmf-dist/tex/generic/stringenc/stringenc.sty
Package: stringenc 2019/11/29 v1.12 Convert strings between diff. encodings (HO
)
)
\@linkdim=\dimen269
\Hy@linkcounter=\count501
\Hy@pagecounter=\count502

(/usr/local/texlive/2026/texmf-dist/tex/latex/hyperref/pd1enc.def
File: pd1enc.def 2026-01-29 v7.01p Hyperref: PDFDocEncoding definition (HO)
Now handling font encoding PD1 ...
... no UTF-8 mapping file for font encoding PD1
)
(/usr/local/texlive/2026/texmf-dist/tex/generic/intcalc/intcalc.sty
Package: intcalc 2019/12/15 v1.3 Expandable calculations with integers (HO)
)
\Hy@SavedSpaceFactor=\count503

(/usr/local/texlive/2026/texmf-dist/tex/latex/hyperref/puenc.def
File: puenc.def 2026-01-29 v7.01p Hyperref: PDF Unicode definition (HO)
Now handling font encoding PU ...
... no UTF-8 mapping file for font encoding PU
)
Package hyperref Info: Hyper figures OFF on input line 4201.
Package hyperref Info: Link nesting OFF on input line 4206.
Package hyperref Info: Hyper index ON on input line 4209.
Package hyperref Info: Plain pages OFF on input line 4216.
Package hyperref Info: Backreferencing OFF on input line 4221.
Package hyperref Info: Implicit mode ON; LaTeX internals redefined.
Package hyperref Info: Bookmarks ON on input line 4468.
\c@Hy@tempcnt=\count504
LaTeX Info: Redefining \url on input line 4807.
\XeTeXLinkMargin=\dimen270

(/usr/local/texlive/2026/texmf-dist/tex/generic/bitset/bitset.sty
Package: bitset 2019/12/09 v1.3 Handle bit-vector datatype (HO)

(/usr/local/texlive/2026/texmf-dist/tex/generic/bigintcalc/bigintcalc.sty
Package: bigintcalc 2019/12/15 v1.5 Expandable calculations on big integers (HO
)
))
\Fld@menulength=\count505
\Field@Width=\dimen271
\Fld@charsize=\dimen272
Package hyperref Info: Hyper figures OFF on input line 6084.
Package hyperref Info: Link nesting OFF on input line 6089.
Package hyperref Info: Hyper index ON on input line 6092.
Package hyperref Info: backreferencing OFF on input line 6099.
Package hyperref Info: Link coloring OFF on input line 6104.
Package hyperref Info: Link coloring with OCG OFF on input line 6109.
Package hyperref Info: PDF/A mode OFF on input line 6114.
\Hy@abspage=\count506
\c@Item=\count507
\c@Hfootnote=\count508
)
Package hyperref Info: Driver (autodetected): hpdftex.

(/usr/local/texlive/2026/texmf-dist/tex/latex/hyperref/hpdftex.def
File: hpdftex.def 2026-01-29 v7.01p Hyperref driver for pdfTeX
\Fld@listcount=\count509
\c@bookmark@seq@number=\count510

(/usr/local/texlive/2026/texmf-dist/tex/latex/rerunfilecheck/rerunfilecheck.sty
Package: rerunfilecheck 2025-06-21 v1.11 Rerun checks for auxiliary files (HO)

(/usr/local/texlive/2026/texmf-dist/tex/generic/uniquecounter/uniquecounter.sty
Package: uniquecounter 2019/12/15 v1.4 Provide unlimited unique counter (HO)
)
Package uniquecounter Info: New unique counter `rerunfilecheck' on input line 2
84.
)
\Hy@SectionHShift=\skip101
) (./fithesis/locale/fithesis-english.def
File: fithesis/locale/fithesis-english.def 2021/02/26
)
(./fithesis/locale/mu/fithesis-english.def
File: fithesis/locale/mu/fithesis-english.def 2017/07/09
)
(./fithesis/locale/mu/fi/fithesis-english.def
File: fithesis/locale/mu/fi/fithesis-english.def 2021/02/26
)
(./fithesis/style/fithesis-base.sty
Package: fithesis/style/fithesis-base 2018/02/11
LaTeX Info: Redefining \em on input line 55.
) (./fithesis/style/mu/fithesis-mu-base.sty
Package: fithesis/style/mu/fithesis-mu-base 2024/03/06

(/usr/local/texlive/2026/texmf-dist/tex/latex/caption/caption.sty
Package: caption 2023/08/05 v3.6o Customizing captions (AR)
\c@caption@flags=\count511
\c@continuedfloat=\count512
Package caption Info: float package is loaded.
Package caption Info: floatrow package is loaded.
Package caption Info: floatrow package is loaded.
Package caption Info: hyperref package is loaded.
Package caption Info: listings package is loaded.
)
(/usr/local/texlive/2026/texmf-dist/tex/latex/tools/tabularx.sty
Package: tabularx 2023/12/11 v2.12a `tabularx' package (DPC)

(/usr/local/texlive/2026/texmf-dist/tex/latex/tools/array.sty
Package: array 2025/09/25 v2.6n Tabular extension package (FMi)
\col@sep=\dimen273
\ar@mcellbox=\box72
\extrarowheight=\dimen274
\NC@list=\toks53
\extratabsurround=\skip102
\backup@length=\skip103
\ar@cellbox=\box73
)
\TX@col@width=\dimen275
\TX@old@table=\dimen276
\TX@old@col=\dimen277
\TX@target=\dimen278
\TX@delta=\dimen279
\TX@cols=\count513
\TX@ftn=\toks54
)
(/usr/local/texlive/2026/texmf-dist/tex/latex/tabu/tabu.sty
Package: tabu 2019/01/11 v2.9 - flexible LaTeX tabulars (FC+tabu-fixed)
\c@taburow=\count514
\tabu@nbcols=\count515
\tabu@cnt=\count516
\tabu@Xcol=\count517
\tabu@alloc=\count518
\tabu@nested=\count519
\tabu@target=\dimen280
\tabu@spreadtarget=\dimen281
\tabu@naturalX=\dimen282
\tabucolX=\dimen283
\tabu@Xsum=\dimen284
\extrarowdepth=\dimen285
\abovetabulinesep=\dimen286
\belowtabulinesep=\dimen287
\tabustrutrule=\dimen288
\tabu@thebody=\toks55
\tabu@footnotes=\toks56
\tabu@box=\box74
\tabu@arstrutbox=\box75
\tabu@hleads=\box76
\tabu@vleads=\box77
\tabu@cellskip=\skip104
)
(/usr/local/texlive/2026/texmf-dist/tex/latex/booktabs/booktabs.sty
Package: booktabs 2020/01/12 v1.61803398 Publication quality tables
\heavyrulewidth=\dimen289
\lightrulewidth=\dimen290
\cmidrulewidth=\dimen291
\belowrulesep=\dimen292
\belowbottomsep=\dimen293
\aboverulesep=\dimen294
\abovetopsep=\dimen295
\cmidrulesep=\dimen296
\cmidrulekern=\dimen297
\defaultaddspace=\dimen298
\@cmidla=\count520
\@cmidlb=\count521
\@aboverulesep=\dimen299
\@belowrulesep=\dimen300
\@thisruleclass=\count522
\@lastruleclass=\count523
\@thisrulewidth=\dimen301
)
(/usr/local/texlive/2026/texmf-dist/tex/latex/pgf/frontendlayer/tikz.sty
(/usr/local/texlive/2026/texmf-dist/tex/latex/pgf/basiclayer/pgf.sty
Package: pgf 2025-08-29 v3.1.11a (3.1.11a)

(/usr/local/texlive/2026/texmf-dist/tex/latex/pgf/basiclayer/pgfcore.sty
(/usr/local/texlive/2026/texmf-dist/tex/latex/pgf/systemlayer/pgfsys.sty
(/usr/local/texlive/2026/texmf-dist/tex/generic/pgf/systemlayer/pgfsys.code.tex
Package: pgfsys 2025-08-29 v3.1.11a (3.1.11a)
\pgf@x=\dimen302
\pgf@y=\dimen303
\pgf@xa=\dimen304
\pgf@ya=\dimen305
\pgf@xb=\dimen306
\pgf@yb=\dimen307
\pgf@xc=\dimen308
\pgf@yc=\dimen309
\pgf@xd=\dimen310
\pgf@yd=\dimen311
\w@pgf@writea=\write9
\r@pgf@reada=\read7
\c@pgf@counta=\count524
\c@pgf@countb=\count525
\c@pgf@countc=\count526
\c@pgf@countd=\count527
\t@pgf@toka=\toks57
\t@pgf@tokb=\toks58
\t@pgf@tokc=\toks59
\pgf@sys@id@count=\count528
(/usr/local/texlive/2026/texmf-dist/tex/generic/pgf/systemlayer/pgf.cfg
File: pgf.cfg 2025-08-29 v3.1.11a (3.1.11a)
)
Driver file for pgf: pgfsys-pdftex.def

(/usr/local/texlive/2026/texmf-dist/tex/generic/pgf/systemlayer/pgfsys-pdftex.d
ef
File: pgfsys-pdftex.def 2025-08-29 v3.1.11a (3.1.11a)

(/usr/local/texlive/2026/texmf-dist/tex/generic/pgf/systemlayer/pgfsys-common-p
df.def
File: pgfsys-common-pdf.def 2025-08-29 v3.1.11a (3.1.11a)
)))
(/usr/local/texlive/2026/texmf-dist/tex/generic/pgf/systemlayer/pgfsyssoftpath.
code.tex
File: pgfsyssoftpath.code.tex 2025-08-29 v3.1.11a (3.1.11a)
\pgfsyssoftpath@smallbuffer@items=\count529
\pgfsyssoftpath@bigbuffer@items=\count530
)
(/usr/local/texlive/2026/texmf-dist/tex/generic/pgf/systemlayer/pgfsysprotocol.
code.tex
File: pgfsysprotocol.code.tex 2025-08-29 v3.1.11a (3.1.11a)
))
(/usr/local/texlive/2026/texmf-dist/tex/generic/pgf/basiclayer/pgfcore.code.tex
Package: pgfcore 2025-08-29 v3.1.11a (3.1.11a)
(/usr/local/texlive/2026/texmf-dist/tex/generic/pgf/math/pgfmath.code.tex
(/usr/local/texlive/2026/texmf-dist/tex/generic/pgf/math/pgfmathutil.code.tex)
(/usr/local/texlive/2026/texmf-dist/tex/generic/pgf/math/pgfmathparser.code.tex
\pgfmath@dimen=\dimen312
\pgfmath@count=\count531
\pgfmath@box=\box78
\pgfmath@toks=\toks60
\pgfmath@stack@operand=\toks61
\pgfmath@stack@operation=\toks62
)
(/usr/local/texlive/2026/texmf-dist/tex/generic/pgf/math/pgfmathfunctions.code.
tex)
(/usr/local/texlive/2026/texmf-dist/tex/generic/pgf/math/pgfmathfunctions.basic
.code.tex)
(/usr/local/texlive/2026/texmf-dist/tex/generic/pgf/math/pgfmathfunctions.trigo
nometric.code.tex)
(/usr/local/texlive/2026/texmf-dist/tex/generic/pgf/math/pgfmathfunctions.rando
m.code.tex)
(/usr/local/texlive/2026/texmf-dist/tex/generic/pgf/math/pgfmathfunctions.compa
rison.code.tex)
(/usr/local/texlive/2026/texmf-dist/tex/generic/pgf/math/pgfmathfunctions.base.
code.tex)
(/usr/local/texlive/2026/texmf-dist/tex/generic/pgf/math/pgfmathfunctions.round
.code.tex)
(/usr/local/texlive/2026/texmf-dist/tex/generic/pgf/math/pgfmathfunctions.misc.
code.tex)
(/usr/local/texlive/2026/texmf-dist/tex/generic/pgf/math/pgfmathfunctions.integ
erarithmetics.code.tex)
(/usr/local/texlive/2026/texmf-dist/tex/generic/pgf/math/pgfmathcalc.code.tex)
(/usr/local/texlive/2026/texmf-dist/tex/generic/pgf/math/pgfmathfloat.code.tex
\c@pgfmathroundto@lastzeros=\count532
)) (/usr/local/texlive/2026/texmf-dist/tex/generic/pgf/math/pgfint.code.tex)
(/usr/local/texlive/2026/texmf-dist/tex/generic/pgf/basiclayer/pgfcorepoints.co
de.tex
File: pgfcorepoints.code.tex 2025-08-29 v3.1.11a (3.1.11a)
\pgf@picminx=\dimen313
\pgf@picmaxx=\dimen314
\pgf@picminy=\dimen315
\pgf@picmaxy=\dimen316
\pgf@pathminx=\dimen317
\pgf@pathmaxx=\dimen318
\pgf@pathminy=\dimen319
\pgf@pathmaxy=\dimen320
\pgf@xx=\dimen321
\pgf@xy=\dimen322
\pgf@yx=\dimen323
\pgf@yy=\dimen324
\pgf@zx=\dimen325
\pgf@zy=\dimen326
)
(/usr/local/texlive/2026/texmf-dist/tex/generic/pgf/basiclayer/pgfcorepathconst
ruct.code.tex
File: pgfcorepathconstruct.code.tex 2025-08-29 v3.1.11a (3.1.11a)
\pgf@path@lastx=\dimen327
\pgf@path@lasty=\dimen328
)
(/usr/local/texlive/2026/texmf-dist/tex/generic/pgf/basiclayer/pgfcorepathusage
.code.tex
File: pgfcorepathusage.code.tex 2025-08-29 v3.1.11a (3.1.11a)
\pgf@shorten@end@additional=\dimen329
\pgf@shorten@start@additional=\dimen330
)
(/usr/local/texlive/2026/texmf-dist/tex/generic/pgf/basiclayer/pgfcorescopes.co
de.tex
File: pgfcorescopes.code.tex 2025-08-29 v3.1.11a (3.1.11a)
\pgfpic=\box79
\pgf@hbox=\box80
\pgf@layerbox@main=\box81
\pgf@picture@serial@count=\count533
)
(/usr/local/texlive/2026/texmf-dist/tex/generic/pgf/basiclayer/pgfcoregraphicst
ate.code.tex
File: pgfcoregraphicstate.code.tex 2025-08-29 v3.1.11a (3.1.11a)
\pgflinewidth=\dimen331
)
(/usr/local/texlive/2026/texmf-dist/tex/generic/pgf/basiclayer/pgfcoretransform
ations.code.tex
File: pgfcoretransformations.code.tex 2025-08-29 v3.1.11a (3.1.11a)
\pgf@pt@x=\dimen332
\pgf@pt@y=\dimen333
\pgf@pt@temp=\dimen334
)
(/usr/local/texlive/2026/texmf-dist/tex/generic/pgf/basiclayer/pgfcorequick.cod
e.tex
File: pgfcorequick.code.tex 2025-08-29 v3.1.11a (3.1.11a)
)
(/usr/local/texlive/2026/texmf-dist/tex/generic/pgf/basiclayer/pgfcoreobjects.c
ode.tex
File: pgfcoreobjects.code.tex 2025-08-29 v3.1.11a (3.1.11a)
)
(/usr/local/texlive/2026/texmf-dist/tex/generic/pgf/basiclayer/pgfcorepathproce
ssing.code.tex
File: pgfcorepathprocessing.code.tex 2025-08-29 v3.1.11a (3.1.11a)
)
(/usr/local/texlive/2026/texmf-dist/tex/generic/pgf/basiclayer/pgfcorearrows.co
de.tex
File: pgfcorearrows.code.tex 2025-08-29 v3.1.11a (3.1.11a)
\pgfarrowsep=\dimen335
)
(/usr/local/texlive/2026/texmf-dist/tex/generic/pgf/basiclayer/pgfcoreshade.cod
e.tex
File: pgfcoreshade.code.tex 2025-08-29 v3.1.11a (3.1.11a)
\pgf@max=\dimen336
\pgf@sys@shading@range@num=\count534
\pgf@shadingcount=\count535
)
(/usr/local/texlive/2026/texmf-dist/tex/generic/pgf/basiclayer/pgfcoreimage.cod
e.tex
File: pgfcoreimage.code.tex 2025-08-29 v3.1.11a (3.1.11a)
)
(/usr/local/texlive/2026/texmf-dist/tex/generic/pgf/basiclayer/pgfcoreexternal.
code.tex
File: pgfcoreexternal.code.tex 2025-08-29 v3.1.11a (3.1.11a)
\pgfexternal@startupbox=\box82
)
(/usr/local/texlive/2026/texmf-dist/tex/generic/pgf/basiclayer/pgfcorelayers.co
de.tex
File: pgfcorelayers.code.tex 2025-08-29 v3.1.11a (3.1.11a)
)
(/usr/local/texlive/2026/texmf-dist/tex/generic/pgf/basiclayer/pgfcoretranspare
ncy.code.tex
File: pgfcoretransparency.code.tex 2025-08-29 v3.1.11a (3.1.11a)
)
(/usr/local/texlive/2026/texmf-dist/tex/generic/pgf/basiclayer/pgfcorepatterns.
code.tex
File: pgfcorepatterns.code.tex 2025-08-29 v3.1.11a (3.1.11a)
)
(/usr/local/texlive/2026/texmf-dist/tex/generic/pgf/basiclayer/pgfcorerdf.code.
tex
File: pgfcorerdf.code.tex 2025-08-29 v3.1.11a (3.1.11a)
)))
(/usr/local/texlive/2026/texmf-dist/tex/generic/pgf/modules/pgfmoduleshapes.cod
e.tex
File: pgfmoduleshapes.code.tex 2025-08-29 v3.1.11a (3.1.11a)
\pgfnodeparttextbox=\box83
)
(/usr/local/texlive/2026/texmf-dist/tex/generic/pgf/modules/pgfmoduleplot.code.
tex
File: pgfmoduleplot.code.tex 2025-08-29 v3.1.11a (3.1.11a)
)
(/usr/local/texlive/2026/texmf-dist/tex/latex/pgf/compatibility/pgfcomp-version
-0-65.sty
Package: pgfcomp-version-0-65 2025-08-29 v3.1.11a (3.1.11a)
\pgf@nodesepstart=\dimen337
\pgf@nodesepend=\dimen338
)
(/usr/local/texlive/2026/texmf-dist/tex/latex/pgf/compatibility/pgfcomp-version
-1-18.sty
Package: pgfcomp-version-1-18 2025-08-29 v3.1.11a (3.1.11a)
))
(/usr/local/texlive/2026/texmf-dist/tex/latex/pgf/utilities/pgffor.sty
(/usr/local/texlive/2026/texmf-dist/tex/latex/pgf/math/pgfmath.sty
(/usr/local/texlive/2026/texmf-dist/tex/generic/pgf/math/pgfmath.code.tex))
(/usr/local/texlive/2026/texmf-dist/tex/generic/pgf/utilities/pgffor.code.tex
Package: pgffor 2025-08-29 v3.1.11a (3.1.11a)
\pgffor@iter=\dimen339
\pgffor@skip=\dimen340
\pgffor@stack=\toks63
\pgffor@toks=\toks64
))
(/usr/local/texlive/2026/texmf-dist/tex/generic/pgf/frontendlayer/tikz/tikz.cod
e.tex
Package: tikz 2025-08-29 v3.1.11a (3.1.11a)

(/usr/local/texlive/2026/texmf-dist/tex/generic/pgf/libraries/pgflibraryplothan
dlers.code.tex
File: pgflibraryplothandlers.code.tex 2025-08-29 v3.1.11a (3.1.11a)
\pgf@plot@mark@count=\count536
\pgfplotmarksize=\dimen341
)
\tikz@lastx=\dimen342
\tikz@lasty=\dimen343
\tikz@lastxsaved=\dimen344
\tikz@lastysaved=\dimen345
\tikz@lastmovetox=\dimen346
\tikz@lastmovetoy=\dimen347
\tikzleveldistance=\dimen348
\tikzsiblingdistance=\dimen349
\tikz@figbox=\box84
\tikz@figbox@bg=\box85
\tikz@tempbox=\box86
\tikz@tempbox@bg=\box87
\tikztreelevel=\count537
\tikznumberofchildren=\count538
\tikznumberofcurrentchild=\count539
\tikz@fig@count=\count540

(/usr/local/texlive/2026/texmf-dist/tex/generic/pgf/modules/pgfmodulematrix.cod
e.tex
File: pgfmodulematrix.code.tex 2025-08-29 v3.1.11a (3.1.11a)
\pgfmatrixcurrentrow=\count541
\pgfmatrixcurrentcolumn=\count542
\pgf@matrix@numberofcolumns=\count543
)
\tikz@expandcount=\count544

(/usr/local/texlive/2026/texmf-dist/tex/generic/pgf/frontendlayer/tikz/librarie
s/tikzlibrarytopaths.code.tex
File: tikzlibrarytopaths.code.tex 2025-08-29 v3.1.11a (3.1.11a)
)))
(/usr/local/texlive/2026/texmf-dist/tex/latex/microtype/microtype.sty
Package: microtype 2026/03/01 v3.2d Micro-typographical refinements (RS)
\MT@toks=\toks65
\MT@tempbox=\box88
\MT@count=\count545
LaTeX Info: Redefining \noprotrusionifhmode on input line 1084.
LaTeX Info: Redefining \leftprotrusion on input line 1085.
\MT@prot@toks=\toks66
LaTeX Info: Redefining \rightprotrusion on input line 1104.
LaTeX Info: Redefining \textls on input line 1449.
\MT@outer@kern=\dimen350
LaTeX Info: Redefining \microtypecontext on input line 2053.
LaTeX Info: Redefining \textmicrotypecontext on input line 2070.
\MT@listname@count=\count546

(/usr/local/texlive/2026/texmf-dist/tex/latex/microtype/microtype-pdftex.def
File: microtype-pdftex.def 2026/03/01 v3.2d Definitions specific to pdftex (RS)

LaTeX Info: Redefining \lsstyle on input line 944.
LaTeX Info: Redefining \lslig on input line 944.
\MT@outer@space=\skip105
)
Package microtype Info: Loading configuration file microtype.cfg.

(/usr/local/texlive/2026/texmf-dist/tex/latex/microtype/microtype.cfg
File: microtype.cfg 2026/03/01 v3.2d microtype main configuration file (RS)
)
LaTeX Info: Redefining \microtypesetup on input line 3065.
)
(/usr/local/texlive/2026/texmf-dist/tex/latex/lm/lmodern.sty
Package: lmodern 2015/05/01 v1.6.1 Latin Modern Fonts
LaTeX Font Info:    Overwriting symbol font `operators' in version `normal'
(Font)                  OT1/cmr/m/n --> OT1/lmr/m/n on input line 22.
LaTeX Font Info:    Overwriting symbol font `letters' in version `normal'
(Font)                  OML/cmm/m/it --> OML/lmm/m/it on input line 23.
LaTeX Font Info:    Overwriting symbol font `symbols' in version `normal'
(Font)                  OMS/cmsy/m/n --> OMS/lmsy/m/n on input line 24.
LaTeX Font Info:    Overwriting symbol font `largesymbols' in version `normal'
(Font)                  OMX/cmex/m/n --> OMX/lmex/m/n on input line 25.
LaTeX Font Info:    Overwriting symbol font `operators' in version `bold'
(Font)                  OT1/cmr/bx/n --> OT1/lmr/bx/n on input line 26.
LaTeX Font Info:    Overwriting symbol font `letters' in version `bold'
(Font)                  OML/cmm/b/it --> OML/lmm/b/it on input line 27.
LaTeX Font Info:    Overwriting symbol font `symbols' in version `bold'
(Font)                  OMS/cmsy/b/n --> OMS/lmsy/b/n on input line 28.
LaTeX Font Info:    Overwriting symbol font `largesymbols' in version `bold'
(Font)                  OMX/cmex/m/n --> OMX/lmex/m/n on input line 29.
LaTeX Font Info:    Overwriting math alphabet `\mathbf' in version `normal'
(Font)                  OT1/cmr/bx/n --> OT1/lmr/bx/n on input line 31.
LaTeX Font Info:    Overwriting math alphabet `\mathsf' in version `normal'
(Font)                  OT1/cmss/m/n --> OT1/lmss/m/n on input line 32.
LaTeX Font Info:    Overwriting math alphabet `\mathit' in version `normal'
(Font)                  OT1/cmr/m/it --> OT1/lmr/m/it on input line 33.
LaTeX Font Info:    Overwriting math alphabet `\mathtt' in version `normal'
(Font)                  OT1/cmtt/m/n --> OT1/lmtt/m/n on input line 34.
LaTeX Font Info:    Overwriting math alphabet `\mathbf' in version `bold'
(Font)                  OT1/cmr/bx/n --> OT1/lmr/bx/n on input line 35.
LaTeX Font Info:    Overwriting math alphabet `\mathsf' in version `bold'
(Font)                  OT1/cmss/bx/n --> OT1/lmss/bx/n on input line 36.
LaTeX Font Info:    Overwriting math alphabet `\mathit' in version `bold'
(Font)                  OT1/cmr/bx/it --> OT1/lmr/bx/it on input line 37.
LaTeX Font Info:    Overwriting math alphabet `\mathtt' in version `bold'
(Font)                  OT1/cmtt/m/n --> OT1/lmtt/m/n on input line 38.
)
(/usr/local/texlive/2026/texmf-dist/tex/latex/psnfss/mathpazo.sty
Package: mathpazo 2020/03/25 PSNFSS-v9.3 Palatino w/ Pazo Math (D.Puga, WaS) 
\symupright=\mathgroup6
)
(/usr/local/texlive/2026/texmf-dist/tex/latex/tex-gyre/tgpagella.sty
Package: tgpagella 2009/09/27 v1.2 TeX Gyre Pagella as default roman family
)
(/usr/local/texlive/2026/texmf-dist/tex/latex/base/fontenc.sty
Package: fontenc 2025/07/18 v2.1d Standard LaTeX package
LaTeX Font Info:    Trying to load font information for T1+qpl on input line 11
6.

(/usr/local/texlive/2026/texmf-dist/tex/latex/tex-gyre/t1qpl.fd
File: t1qpl.fd 2009/09/25 v1.2 font definition file for T1/qpl
)<<t1.cmap>>)
(/usr/local/texlive/2026/texmf-dist/tex/latex/tex-gyre/tgheros.sty
Package: tgheros 2009/09/27 v1.2 TeX Gyre Heros as default sans serif family
)
(/usr/local/texlive/2026/texmf-dist/tex/latex/base/fontenc.sty
Package: fontenc 2025/07/18 v2.1d Standard LaTeX package
)
(./fithesis/style/mu/fithesis-mu-12.clo
File: fithesis/style/mu/fithesis-mu-12.clo 2021/02/21
))
(./fithesis/style/mu/fithesis-mu-fi.sty
Package: fithesis/style/mu/fithesis-mu-fi 2021/04/24
)
Package hyperref Info: Option `unicode' set `true' on input line 107.
Package hyperref Info: Option `unicode' set `true' on input line 107.

(/usr/local/texlive/2026/texmf-dist/tex/generic/stringenc/se-pdfdoc.def
File: se-pdfdoc.def 2019/11/29 v1.12 stringenc: PDFDocEncoding
)
Package babel-german Info: Using legacy glottonyms
(babel-german)             `german' denotes pre-1996 spelling. on input line 10
7.

(/usr/local/texlive/2026/texmf-dist/tex/generic/babel/locale/de/babel-german.te
x
Package babel Info: Importing basic data for german
(babel)             from babel-de.ini. Reported on input line 15.
)
Package babel Info: Hyphen rules for 'german' set to \l@ngerman-x-2024-02-28
(babel)             (\language4). Reported on input line 107.
Package csquotes Info: Checking for multilingual support...
Package csquotes Info: ... found 'babel' package.
 (./thesis.aux)
\openout1 = `thesis.aux'.

LaTeX Font Info:    Checking defaults for OML/cmm/m/it on input line 107.
LaTeX Font Info:    ... okay on input line 107.
LaTeX Font Info:    Checking defaults for OMS/cmsy/m/n on input line 107.
LaTeX Font Info:    ... okay on input line 107.
LaTeX Font Info:    Checking defaults for OT1/cmr/m/n on input line 107.
LaTeX Font Info:    ... okay on input line 107.
LaTeX Font Info:    Checking defaults for T1/cmr/m/n on input line 107.
LaTeX Font Info:    ... okay on input line 107.
LaTeX Font Info:    Checking defaults for TS1/cmr/m/n on input line 107.
LaTeX Font Info:    ... okay on input line 107.
LaTeX Font Info:    Checking defaults for OMX/cmex/m/n on input line 107.
LaTeX Font Info:    ... okay on input line 107.
LaTeX Font Info:    Checking defaults for U/cmr/m/n on input line 107.
LaTeX Font Info:    ... okay on input line 107.
LaTeX Font Info:    Checking defaults for T2A/cmr/m/n on input line 107.
LaTeX Font Info:    ... okay on input line 107.
LaTeX Font Info:    Checking defaults for PD1/pdf/m/n on input line 107.
LaTeX Font Info:    ... okay on input line 107.
LaTeX Font Info:    Checking defaults for PU/pdf/m/n on input line 107.
LaTeX Font Info:    ... okay on input line 107.
LaTeX Font Info:    Trying to load font information for T1+lmtt on input line 1
07.
 (/usr/local/texlive/2026/texmf-dist/tex/latex/lm/t1lmtt.fd
File: t1lmtt.fd 2015/05/01 v1.6.1 Font defs for Latin Modern
)

LaTeX Font Warning: Font shape `T1/lmtt/b/it' in size <12> not available
(Font)              Font shape `T1/lmtt/b/sl' tried instead on input line 107.


LaTeX Font Warning: Font shape `T1/lmtt/b/scsl' undefined
(Font)              using `T1/lmtt/b/sc' instead on input line 107.


LaTeX Font Warning: Font shape `T1/lmtt/b/sc' undefined
(Font)              using `T1/lmtt/b/n' instead on input line 107.

LaTeX Font Info:    Font shape `T1/lmtt/bx/n' in size <12> not available
(Font)              Font shape `T1/lmtt/b/n' tried instead on input line 107.

LaTeX Font Warning: Font shape `T1/lmtt/bx/it' in size <12> not available
(Font)              Font shape `T1/lmtt/b/sl' tried instead on input line 107.

LaTeX Font Info:    Font shape `T1/lmtt/bx/sl' in size <12> not available
(Font)              Font shape `T1/lmtt/b/sl' tried instead on input line 107.

LaTeX Font Warning: Font shape `T1/lmtt/bx/scsl' undefined
(Font)              using `T1/lmtt/bx/sc' instead on input line 107.


LaTeX Font Warning: Font shape `T1/lmtt/bx/sc' undefined
(Font)              using `T1/lmtt/bx/n' instead on input line 107.


LaTeX Font Warning: Font shape `T1/lmtt/sbx/sc' undefined
(Font)              using `T1/lmtt/bx/sc' instead on input line 107.


LaTeX Font Warning: Font shape `T1/lmtt/sbx/n' undefined
(Font)              using `T1/lmtt/bx/n' instead on input line 107.


LaTeX Font Warning: Font shape `T1/lmtt/sbx/it' undefined
(Font)              using `T1/lmtt/bx/it' instead on input line 107.


LaTeX Font Warning: Font shape `T1/lmtt/sbx/sl' undefined
(Font)              using `T1/lmtt/bx/sl' instead on input line 107.


LaTeX Font Warning: Font shape `T1/lmtt/bx/scsl' undefined
(Font)              using `T1/lmtt/bx/sc' instead on input line 107.

LaTeX Font Info:    Font shape `T1/lmtt/bx/sc' in size <12> not available
(Font)              Font shape `T1/lmtt/b/n' tried instead on input line 107.

LaTeX Font Warning: Font shape `T1/lmtt/bc/sc' undefined
(Font)              using `T1/lmtt/c/sc' instead on input line 107.


LaTeX Font Warning: Font shape `T1/lmtt/c/n' undefined
(Font)              using `T1/lmtt/m/n' instead on input line 107.


LaTeX Font Warning: Font shape `T1/lmtt/c/it' undefined
(Font)              using `T1/lmtt/c/n' instead on input line 107.


LaTeX Font Warning: Font shape `T1/lmtt/c/sl' undefined
(Font)              using `T1/lmtt/c/it' instead on input line 107.


LaTeX Font Warning: Font shape `T1/lmtt/c/scit' undefined
(Font)              using `T1/lmtt/c/sc' instead on input line 107.


LaTeX Font Warning: Font shape `T1/lmtt/c/sc' undefined
(Font)              using `T1/lmtt/c/n' instead on input line 107.


LaTeX Font Warning: Font shape `T1/lmtt/lc/it' in size <12> not available
(Font)              Font shape `T1/lmtt/lc/sl' tried instead on input line 107.



LaTeX Font Warning: Font shape `T1/lmtt/lc/scsl' undefined
(Font)              using `T1/lmtt/lc/sc' instead on input line 107.


LaTeX Font Warning: Font shape `T1/lmtt/lc/sc' undefined
(Font)              using `T1/lmtt/lc/n' instead on input line 107.


LaTeX Font Warning: Font shape `T1/lmtt/m/ui' undefined
(Font)              using `T1/lmtt/m/n' instead on input line 107.


LaTeX Font Warning: Font shape `T1/lmtt/bx/ui' undefined
(Font)              using `T1/lmtt/bx/n' instead on input line 107.


LaTeX Font Warning: Font shape `T1/lmtt/m/In' undefined
(Font)              using `T1/lmtt/m/n' instead on input line 107.

Package newfloat Info: `float' package detected.
(/usr/local/texlive/2026/texmf-dist/tex/context/base/mkii/supp-pdf.mkii
[Loading MPS to PDF converter (version 2006.09.02).]
\scratchcounter=\count547
\scratchdimen=\dimen351
\scratchbox=\box89
\nofMPsegments=\count548
\nofMParguments=\count549
\everyMPshowfont=\toks67
\MPscratchCnt=\count550
\MPscratchDim=\dimen352
\MPnumerator=\count551
\makeMPintoPDFobject=\count552
\everyMPtoPDFconversion=\toks68
) (/usr/local/texlive/2026/texmf-dist/tex/latex/epstopdf-pkg/epstopdf-base.sty
Package: epstopdf-base 2020-01-24 v2.11 Base part for package epstopdf
Package epstopdf-base Info: Redefining graphics rule for `.eps' on input line 4
85.

(/usr/local/texlive/2026/texmf-dist/tex/latex/latexconfig/epstopdf-sys.cfg
File: epstopdf-sys.cfg 2010/07/13 v1.3 Configuration of (r)epstopdf for TeX Liv
e
))
\c@lstlisting=\count553
Package caption Info: Begin \AtBeginDocument code.
Package caption Info: End \AtBeginDocument code.

(/usr/local/texlive/2026/texmf-dist/tex/latex/pdflscape/pdflscape.sty
Package: pdflscape 2025-06-23 v0.14 Display of landscape pages in PDF

(/usr/local/texlive/2026/texmf-dist/tex/latex/pdflscape/pdflscape-nometadata.st
y
Package: pdflscape-nometadata 2025-06-23 v0.14 Display of landscape pages in PD
F (HO)
 (/usr/local/texlive/2026/texmf-dist/tex/latex/graphics/lscape.sty
Package: lscape 2020/05/28 v3.02 Landscape Pages (DPC)
)
Package pdflscape Info: Auto-detected driver: pdftex on input line 81.
))
Package biblatex Info: Trying to load language 'english'...
Package biblatex Info: ... file 'english.lbx' found.

(/usr/local/texlive/2026/texmf-dist/tex/latex/biblatex/lbx/english.lbx
File: english.lbx 2025/07/10 v3.21 biblatex localization (PK/MW)
)
Package biblatex Info: Trying to load language 'slovak'...
Package biblatex Info: ... file 'slovak.lbx' found.

(/usr/local/texlive/2026/texmf-dist/tex/latex/biblatex/lbx/slovak.lbx
File: slovak.lbx 2025/07/10 v3.21 biblatex localization (PK/MW)
)
Package biblatex Info: Trying to load language 'czech'...
Package biblatex Info: ... file 'czech.lbx' found.

(/usr/local/texlive/2026/texmf-dist/tex/latex/biblatex/lbx/czech.lbx
File: czech.lbx 2025/07/10 v3.21 biblatex localization (PK/MW)
)
Package biblatex Info: Trying to load language 'german'...
Package biblatex Info: ... file 'german.lbx' found.

(/usr/local/texlive/2026/texmf-dist/tex/latex/biblatex/lbx/german.lbx
File: german.lbx 2025/07/10 v3.21 biblatex localization (PK/MW)
)
Package biblatex Info: Input encoding 'utf8' detected.
Package biblatex Info: Automatic encoding selection.
(biblatex)             Assuming data encoding 'utf8'.
\openout8 = `thesis.bcf'.

Package biblatex Info: Trying to load bibliographic data...
Package biblatex Info: ... file 'thesis.bbl' found.

(./thesis.bbl)
Package biblatex Info: Reference section=0 on input line 107.
Package biblatex Info: Reference segment=0 on input line 107.
Package hyperref Info: Link coloring OFF on input line 107.
 (./thesis.out) (./thesis.out)
\@outlinefile=\write10
\openout10 = `thesis.out'.

Package microtype Info: Patching varwidth to enable character protrusion.
\MT@vwid@leftmargin=\dimen353
\MT@vwid@rightmargin=\dimen354
LaTeX Info: Redefining \microtypecontext on input line 107.
Package microtype Info: Applying patch `toc' on input line 107.
Package microtype Info: Applying patch `eqnum' on input line 107.
Package microtype Info: Applying patch `footnote' on input line 107.
Package microtype Info: Applying patch `verbatim' on input line 107.
LaTeX Info: Redefining \microtypesetup on input line 107.
Package microtype Info: Generating PDF output.
Package microtype Info: Character protrusion enabled (level 2).
Package microtype Info: Using default protrusion set `alltext'.
Package microtype Info: Automatic font expansion enabled (level 2),
(microtype)             stretch: 20, shrink: 20, step: 1, non-selected.
Package microtype Info: Using default expansion set `alltext-nott'.
Package microtype Info: Patching command `\showhyphens'.
Package microtype Info: No adjustment of tracking.
Package microtype Info: No adjustment of interword spacing.
Package microtype Info: No adjustment of character kerning.
Package microtype Info: Redefining babel's language switching commands.

(/usr/local/texlive/2026/texmf-dist/tex/latex/microtype/mt-ppl.cfg
File: mt-ppl.cfg 2005/11/16 v1.6 microtype config. file: Palatino (RS)
)
\@logowidth=\skip106
\@logoheight=\skip107
<fithesis/logo/mu/fithesis-base-english.pdf, id=443, 202.7575pt x 52.195pt>
File: fithesis/logo/mu/fithesis-base-english.pdf Graphic file (type pdf)
<use fithesis/logo/mu/fithesis-base-english.pdf>
Package pdftex.def Info: fithesis/logo/mu/fithesis-base-english.pdf  used on in
put line 107.
(pdftex.def)             Requested size: 182.48006pt x 46.97505pt.
File: fithesis/logo/mu/fithesis-base-english.pdf Graphic file (type pdf)
<use fithesis/logo/mu/fithesis-base-english.pdf>
Package pdftex.def Info: fithesis/logo/mu/fithesis-base-english.pdf  used on in
put line 107.
(pdftex.def)             Requested size: 182.48006pt x 46.97505pt.
File: fithesis/logo/mu/fithesis-base-english.pdf Graphic file (type pdf)
<use fithesis/logo/mu/fithesis-base-english.pdf>
Package pdftex.def Info: fithesis/logo/mu/fithesis-base-english.pdf  used on in
put line 107.
(pdftex.def)             Requested size: 182.48006pt x 46.97505pt.
LaTeX Font Info:    Trying to load font information for T1+qhv on input line 10
7.

(/usr/local/texlive/2026/texmf-dist/tex/latex/tex-gyre/t1qhv.fd
File: t1qhv.fd 2009/09/25 v1.2 font definition file for T1/qhv
)
LaTeX Font Info:    Font shape `T1/qhv/m/n' will be
(Font)              scaled to size 10.35608pt on input line 107.
Package microtype Info: Loading generic protrusion settings for font family
(microtype)             `qhv' (encoding: T1).
(microtype)             For optimal results, create family-specific settings.
(microtype)             See the microtype manual for details.
LaTeX Font Info:    Font shape `T1/qhv/m/n' will be
(Font)              scaled to size 12.42728pt on input line 107.
LaTeX Font Info:    Font shape `T1/qhv/b/n' will be
(Font)              scaled to size 10.35608pt on input line 107.
LaTeX Font Info:    Font shape `T1/qhv/b/n' will be
(Font)              scaled to size 21.4716pt on input line 107.
LaTeX Font Info:    Font shape `T1/qhv/m/n' will be
(Font)              scaled to size 14.91275pt on input line 107.
LaTeX Font Info:    Font shape `T1/qhv/m/n' will be
(Font)              scaled to size 17.89876pt on input line 107.
 [1

{/usr/local/texlive/2026/texmf-var/fonts/map/pdftex/updmap/pdftex.map}{/usr/loc
al/texlive/2026/texmf-dist/fonts/enc/dvips/tex-gyre/q-ec.enc} <./fithesis/logo/
mu/fithesis-base-english.pdf>]
\@logowidth=\skip108
\@logoheight=\skip109
<fithesis/logo/mu/fithesis-base-english-color.pdf, id=452, 202.7575pt x 52.195p
t>
File: fithesis/logo/mu/fithesis-base-english-color.pdf Graphic file (type pdf)
<use fithesis/logo/mu/fithesis-base-english-color.pdf>
Package pdftex.def Info: fithesis/logo/mu/fithesis-base-english-color.pdf  used
 on input line 107.
(pdftex.def)             Requested size: 182.48006pt x 46.97505pt.
File: fithesis/logo/mu/fithesis-base-english-color.pdf Graphic file (type pdf)
<use fithesis/logo/mu/fithesis-base-english-color.pdf>
Package pdftex.def Info: fithesis/logo/mu/fithesis-base-english-color.pdf  used
 on input line 107.
(pdftex.def)             Requested size: 182.48006pt x 46.97505pt.
File: fithesis/logo/mu/fithesis-base-english-color.pdf Graphic file (type pdf)
<use fithesis/logo/mu/fithesis-base-english-color.pdf>
Package pdftex.def Info: fithesis/logo/mu/fithesis-base-english-color.pdf  used
 on input line 107.
(pdftex.def)             Requested size: 182.48006pt x 46.97505pt.
 [1 <./fithesis/logo/mu/fithesis-base-english-color.pdf>]
\@logowidth=\skip110
\@logoheight=\skip111
<fithesis/logo/mu/fithesis-fi-color.pdf, id=458, 291.0875pt x 291.0875pt>
File: fithesis/logo/mu/fithesis-fi-color.pdf Graphic file (type pdf)
<use fithesis/logo/mu/fithesis-fi-color.pdf>
Package pdftex.def Info: fithesis/logo/mu/fithesis-fi-color.pdf  used on input 
line 107.
(pdftex.def)             Requested size: 276.53154pt x 276.53154pt.
File: fithesis/logo/mu/fithesis-fi-color.pdf Graphic file (type pdf)
<use fithesis/logo/mu/fithesis-fi-color.pdf>
Package pdftex.def Info: fithesis/logo/mu/fithesis-fi-color.pdf  used on input 
line 107.
(pdftex.def)             Requested size: 276.53154pt x 276.53154pt.
File: fithesis/logo/mu/fithesis-fi-color.pdf Graphic file (type pdf)
<use fithesis/logo/mu/fithesis-fi-color.pdf>
Package pdftex.def Info: fithesis/logo/mu/fithesis-fi-color.pdf  used on input 
line 107.
(pdftex.def)             Requested size: 276.53154pt x 276.53154pt.

[2 <./fithesis/logo/mu/fithesis-fi-color.pdf>]
LaTeX Font Info:    Trying to load font information for TS1+qpl on input line 1
07.

(/usr/local/texlive/2026/texmf-dist/tex/latex/tex-gyre/ts1qpl.fd
File: ts1qpl.fd 2009/09/25 v1.2 font definition file for TS1/qpl
) [3{/usr/local/texlive/2026/texmf-dist/fonts/enc/dvips/tex-gyre/q-ts1.enc}] [4
] [5]
(./thesis.toc
LaTeX Font Info:    Trying to load font information for OT1+ppl on input line 3
.
 (/usr/local/texlive/2026/texmf-dist/tex/latex/psnfss/ot1ppl.fd
File: ot1ppl.fd 2001/06/04 font definitions for OT1/ppl.
)<<ot1.cmap>>
LaTeX Font Info:    Trying to load font information for OML+zplm on input line 
3.
 (/usr/local/texlive/2026/texmf-dist/tex/latex/psnfss/omlzplm.fd
File: omlzplm.fd 2002/09/08 Fontinst v1.914 font definitions for OML/zplm.
)<<oml.cmap>>
LaTeX Font Info:    Trying to load font information for OMS+zplm on input line 
3.
 (/usr/local/texlive/2026/texmf-dist/tex/latex/psnfss/omszplm.fd
File: omszplm.fd 2002/09/08 Fontinst v1.914 font definitions for OMS/zplm.
)<<oms.cmap>>
LaTeX Font Info:    Trying to load font information for OMX+zplm on input line 
3.
 (/usr/local/texlive/2026/texmf-dist/tex/latex/psnfss/omxzplm.fd
File: omxzplm.fd 2002/09/08 Fontinst v1.914 font definitions for OMX/zplm.
)<<omx.cmap>>
LaTeX Font Info:    Font shape `U/msa/m/n' will be
(Font)              scaled to size 12.50409pt on input line 3.
 (/usr/local/texlive/2026/texmf-dist/tex/latex/microtype/mt-msa.cfg
File: mt-msa.cfg 2006/02/04 v1.1 microtype config. file: AMS symbols (a) (RS)
)
LaTeX Font Info:    Font shape `U/msa/m/n' will be
(Font)              scaled to size 9.37807pt on input line 3.
LaTeX Font Info:    Font shape `U/msa/m/n' will be
(Font)              scaled to size 7.29405pt on input line 3.
LaTeX Font Info:    Font shape `U/msb/m/n' will be
(Font)              scaled to size 12.50409pt on input line 3.

(/usr/local/texlive/2026/texmf-dist/tex/latex/microtype/mt-msb.cfg
File: mt-msb.cfg 2005/06/01 v1.0 microtype config. file: AMS symbols (b) (RS)
)
LaTeX Font Info:    Font shape `U/msb/m/n' will be
(Font)              scaled to size 9.37807pt on input line 3.
LaTeX Font Info:    Font shape `U/msb/m/n' will be
(Font)              scaled to size 7.29405pt on input line 3.
LaTeX Font Info:    Trying to load font information for OT1+zplm on input line 
3.

(/usr/local/texlive/2026/texmf-dist/tex/latex/psnfss/ot1zplm.fd
File: ot1zplm.fd 2002/09/08 Fontinst v1.914 font definitions for OT1/zplm.
)
Package microtype Info: Loading generic protrusion settings for font family
(microtype)             `zplm' (encoding: OT1).
(microtype)             For optimal results, create family-specific settings.
(microtype)             See the microtype manual for details.
 [6] [7]
[8])
\tf@toc=\write11
\openout11 = `thesis.toc'.

 [9] (./thesis.lot)
\tf@lot=\write12
\openout12 = `thesis.lot'.

 [10] (./thesis.lof)
\tf@lof=\write13
\openout13 = `thesis.lof'.

 [11] (./chapters/1_intro.tex
Chapter 1.

LaTeX Warning: Hyper reference `ch:conclusion' on page 1 undefined on input lin
e 38.


LaTeX Warning: Reference `ch:conclusion' on page 1 undefined on input line 38.

Package microtype Info: Loading generic protrusion settings for font family
(microtype)             `lmtt' (encoding: T1).
(microtype)             For optimal results, create family-specific settings.
(microtype)             See the microtype manual for details.
[1

]) (./chapters/2_survey.tex
Package microtype Info: Character `029' is missing
(microtype)             in font `T1/qpl/m/sc/12'.
(microtype)             Ignoring protrusion settings for this character.
 [2{/usr/local/texlive/2026/texmf-dist/fonts/enc/dvips/tex-gyre/q-ec-sc.enc}{/u
sr/local/texlive/2026/texmf-dist/fonts/enc/dvips/lm/lm-ec.enc}]
Chapter 2.

Overfull \hbox (8.12975pt too wide) in paragraph at lines 15--19
[]\T1/qpl/m/n/12 (-20) The ques-tion-naire con-sists of 15 ques-tions. Most of 
them are multiple-
 []

LaTeX Font Info:    Font shape `U/msa/m/n' will be
(Font)              scaled to size 10.42007pt on input line 21.
LaTeX Font Info:    Font shape `U/msa/m/n' will be
(Font)              scaled to size 7.91925pt on input line 21.
LaTeX Font Info:    Font shape `U/msa/m/n' will be
(Font)              scaled to size 6.25204pt on input line 21.
LaTeX Font Info:    Font shape `U/msb/m/n' will be
(Font)              scaled to size 10.42007pt on input line 21.
LaTeX Font Info:    Font shape `U/msb/m/n' will be
(Font)              scaled to size 7.91925pt on input line 21.
LaTeX Font Info:    Font shape `U/msb/m/n' will be
(Font)              scaled to size 6.25204pt on input line 21.

Underfull \hbox (badness 10000) in paragraph at lines 21--21
[][][][][]$\T1/lmtt/m/n/10 https : / / docs . google . com / forms / d / 1vhhAu
 _ SfuHV4xy6JoDaRsM5uCElYn _
 []


Underfull \vbox (badness 6063) has occurred while \output is active []


Underfull \vbox (badness 6063) has occurred while \output is active []

 [3]
Overfull \hbox (0.183pt too wide) in paragraph at lines 49--60
\T1/qpl/m/n/12 (-20) serves fur-ther ex-pla-na-tion. Most of the re-spon-dents 
were from Russian-
 []

[4] [5]) (./chapters/3_existing_solutions.tex [6]
Chapter 3.
<charts/discovery methods.png, id=722, 650.43pt x 433.62pt>
File: charts/discovery methods.png Graphic file (type png)
<use charts/discovery methods.png>
Package pdftex.def Info: charts/discovery methods.png  used on input line 18.
(pdftex.def)             Requested size: 327.89388pt x 218.59666pt.
[7 <./charts/discovery methods.png>] [8]
Underfull \hbox (badness 10000) in paragraph at lines 83--85

 []

[9] [10]
Underfull \hbox (badness 10000) in paragraph at lines 144--149

 []


Overfull \hbox (5.3342pt too wide) in paragraph at lines 172--172
[]|\T1/qpl/b/n/12 (-20) Interaction
 []


Overfull \hbox (1.51215pt too wide) in paragraph at lines 172--172
[]|\T1/qpl/m/n/12 (-20) Individual| 
 []


Overfull \hbox (1.51215pt too wide) in paragraph at lines 172--172
[]|\T1/qpl/m/n/12 (-20) Individual| 
 []


Overfull \hbox (1.51215pt too wide) in paragraph at lines 172--172
[]|\T1/qpl/m/n/12 (-20) Individual| 
 []


Overfull \hbox (6.9827pt too wide) in paragraph at lines 172--172
[]|\T1/qpl/m/n/12 (-20) Pair/Group| 
 []

[11]) (./chapters/4_specification.tex [12]
Chapter 4.
[13] [14]
Overfull \hbox (4.88791pt too wide) in paragraph at lines 73--74
[]\T1/qpl/m/n/12 (-20) The sys-tem shall al-low Users to change model in-for-ma
-tion (name,
 []


Overfull \hbox (0.23827pt too wide) in paragraph at lines 80--83
[]\T1/qpl/m/n/12 (-20) The sys-tem shall sup-port the cre-ation of Play-back It
ems. Playlists
 []

[15

] [16] [17]) (./chapters/5_implementation_planning.tex [18]
Chapter 5.

Overfull \vbox (2.6915pt too high) has occurred while \output is active []


Overfull \vbox (2.6915pt too high) has occurred while \output is active []


[19] [20] [21] [22]
Overfull \hbox (17.11548pt too wide) in paragraph at lines 196--204
\T1/qpl/m/n/12 (-20) send, af-ter which the client im-me-di-ately is-sues an-ot
her re-quest. [[]30[]]
 []

[23]
Overfull \hbox (3.66832pt too wide) in paragraph at lines 225--231
\T1/qpl/m/n/12 (-20) Socket mes-sages do not fol-low the HTTP request-response 
model,
 []

[24] [25]
Underfull \hbox (badness 10000) in paragraph at lines 311--313

 []


Overfull \hbox (0.27718pt too wide) in paragraph at lines 314--319
\T1/qpl/m/n/12 (-20) Its main em-pha-sis is com-pat-i-bil-ity with Python's \T1
/lmtt/c/it/12 asyn-cio\T1/qpl/m/n/12 (-20) , which
 []

[26] [27] [28]
Overfull \vbox (0.28873pt too high) has occurred while \output is active []


Overfull \vbox (0.28873pt too high) has occurred while \output is active []


[29] [30] [31]) (./chapters/6_implementation.tex [32]
Chapter 6.

Underfull \vbox (badness 10000) has occurred while \output is active []


Underfull \vbox (badness 10000) has occurred while \output is active []

 [33]
[34]
Overfull \hbox (4.6152pt too wide) in paragraph at lines 96--99
[]\T1/qpl/m/n/12 (-20) The out-put con-fig-u-ra-tion was cho-sen based on ex-is
t-ing re-search: [[]78[],
 []

[35] [36] [37] [38]
Underfull \vbox (badness 10000) has occurred while \output is active []


Underfull \vbox (badness 10000) has occurred while \output is active []

 [39]
Underfull \vbox (badness 10000) has occurred while \output is active []


Underfull \vbox (badness 10000) has occurred while \output is active []

 [40]
[41]
Underfull \vbox (badness 7963) has occurred while \output is active []


Underfull \vbox (badness 7963) has occurred while \output is active []

 [42]
[43]
Overfull \hbox (18.55977pt too wide) in paragraph at lines 472--477
\T1/lmtt/c/it/12 streaming$\T1/qpl/m/n/12 (-20) . The Fron-tend code is split a
cross the $\T1/lmtt/c/it/12 songs/$ \T1/qpl/m/n/12 (-20) and $\T1/lmtt/c/it/12 
collections/$
 []


Overfull \hbox (2.37775pt too wide) in paragraph at lines 472--477
\T1/qpl/m/n/12 (-20) sub-di-rec-to-ries un-der $\T1/lmtt/c/it/12 src / frontend
 / musikk / src / features/$\T1/qpl/m/n/12 (-20) . The class
 []


Underfull \vbox (badness 10000) has occurred while \output is active []


Underfull \vbox (badness 10000) has occurred while \output is active []

 [44]
Overfull \hbox (8.9244pt too wide) in paragraph at lines 518--524
\T1/qpl/m/n/12 (-20) dis-crim-i-na-tor: \T1/lmtt/c/it/12 .playlists()\T1/qpl/m/
n/12 (-20) , \T1/lmtt/c/it/12 .al-bums()\T1/qpl/m/n/12 (-20) , \T1/lmtt/c/it/12
 .his-to-ries()\T1/qpl/m/n/12 (-20) , \T1/lmtt/c/it/12 .liked()\T1/qpl/m/n/12 (
-20) , plus
 []


Underfull \vbox (badness 3343) has occurred while \output is active []


Underfull \vbox (badness 3343) has occurred while \output is active []

 [45]
Overfull \hbox (18.79713pt too wide) in paragraph at lines 552--564
\T1/qpl/m/n/12 (-20) Al-bums. The end-to-end se-quence is in $\T1/lmtt/c/it/12 
text / diagrams / AudioUploadFlow .
 []


Overfull \hbox (15.78558pt too wide) in paragraph at lines 552--564
\T1/qpl/m/n/12 (-20) view \T1/lmtt/c/it/12 Col-lec-tion-SongCre-at-e-View \T1/q
pl/m/n/12 (-20) is at $\T1/lmtt/c/it/12 src / backend / musikk / streaming /
 []


Overfull \hbox (1.13411pt too wide) in paragraph at lines 552--564
\T1/lmtt/c/it/12 src / backend / musikk / streaming / audio / tasks . py$\T1/qp
l/m/n/12 (-20) . The pipeline mod-
 []


Overfull \hbox (12.00288pt too wide) in paragraph at lines 552--564
\T1/qpl/m/n/12 (-20) with the com-po-nent hi-er-ar-chy in $\T1/lmtt/c/it/12 tex
t / diagrams / FrontendAudioUpload .
 []

[46] [47]
Overfull \hbox (19.5646pt too wide) in paragraph at lines 623--628
\T1/lmtt/c/it/12 frontend / musikk / src / features / album-[]upload / useWsEve
nts . ts$ \T1/qpl/m/n/12 (-20) routes
 []


Underfull \vbox (badness 1210) has occurred while \output is active []


Underfull \vbox (badness 1210) has occurred while \output is active []

 [48]
Underfull \vbox (badness 10000) has occurred while \output is active []


Underfull \vbox (badness 10000) has occurred while \output is active []

 [49]
Overfull \hbox (31.19879pt too wide) in paragraph at lines 693--703
\T1/qpl/m/n/12 (-20) con-trollers, and broad-cast-ers in $\T1/lmtt/c/it/12 text
 / diagrams / StreamingWsClassDiagram .
 []


Overfull \hbox (7.13281pt too wide) in paragraph at lines 693--703
\T1/lmtt/c/it/12 png$\T1/qpl/m/n/12 (-20) , the FE com-po-nent hi-er-ar-chy in 
$\T1/lmtt/c/it/12 text / diagrams / FrontendPlayback .
 []


Overfull \hbox (2.62378pt too wide) in paragraph at lines 693--703
\T1/lmtt/c/it/12 png$\T1/qpl/m/n/12 (-20) , and the multi-tab sync se-quence in
 $\T1/lmtt/c/it/12 text / diagrams / PlaybackSync .
 []

[50]
Overfull \hbox (6.82204pt too wide) in paragraph at lines 740--748
\T1/qpl/m/n/12 (-20) song po-si-tion as \T1/lmtt/c/it/12 last_-known_-song_-pos
_-ms \T1/qpl/m/n/12 (-20) plus the time that has passed
 []

[51]
Overfull \hbox (4.02632pt too wide) in paragraph at lines 803--810
\T1/qpl/m/n/12 (-20) ered. The Back-end code is un-der $\T1/lmtt/c/it/12 src / 
backend / musikk / notifications$\T1/qpl/m/n/12 (-20) ,
 []


Overfull \hbox (30.02629pt too wide) in paragraph at lines 803--810
\T1/qpl/m/n/12 (-20) Fron-tend com-po-nent hi-er-ar-chy in $\T1/lmtt/c/it/12 te
xt / diagrams / FrontendNotifications .
 []

[52]
Overfull \hbox (4.35893pt too wide) in paragraph at lines 855--860
\T1/lmtt/c/it/12 Dockerfile$\T1/qpl/m/n/12 (-20) , and the Caddy con-fig-u-ra-t
ion at $\T1/lmtt/c/it/12 src / frontend / Caddyfile .
 []


Underfull \vbox (badness 10000) has occurred while \output is active []


Underfull \vbox (badness 10000) has occurred while \output is active []

 [53])
(./chapters/appendix.tex [54]
Appendix A.

! Package pdfpages Error: Cannot find file `../extras/survey-questions.pdf'.

See the pdfpages package documentation for explanation.
Type  H <return>  for immediate help.
 ...                                              
                                                  
l.5 ...\textwidth]{../extras/survey-questions.pdf}
                                                  
This error message was generated by an \errmessage
command, so I can't give any explicit help.
Pretend that you're Hercule Poirot: Examine all clues,
and deduce the truth by order and method.


! Package pdfpages Error: Cannot find file `-'.

See the pdfpages package documentation for explanation.
Type  H <return>  for immediate help.
 ...                                              
                                                  
l.5 ...\textwidth]{../extras/survey-questions.pdf}
                                                  
(That was another \errmessage.)

! Undefined control sequence.
\AM@expand@range ...M@i \relax \@tempcntb =\AM@ii 
                                                  \relax \ifnum \@tempcnta <...
l.5 ...\textwidth]{../extras/survey-questions.pdf}
                                                  
The control sequence at the end of the top line
of your error message was never \def'ed. If you have
misspelled it (e.g., `\hobx'), type `I' and the correct
spelling (e.g., `I\hbox'). Otherwise just continue,
and I'll forget about whatever was undefined.

! Missing number, treated as zero.
<to be read again> 
                   \relax 
l.5 ...\textwidth]{../extras/survey-questions.pdf}
                                                  
A number should have been here; I inserted `0'.
(If you can't figure out why I needed to see a number,
look up `weird error' in the index to The TeXbook.)

! Undefined control sequence.
\AM@checkpagenumber #1->\ifnum #1>\AM@pagecount 
                                                \relax \ifthenelse {\boolean...
l.5 ...\textwidth]{../extras/survey-questions.pdf}
                                                  
The control sequence at the end of the top line
of your error message was never \def'ed. If you have
misspelled it (e.g., `\hobx'), type `I' and the correct
spelling (e.g., `I\hbox'). Otherwise just continue,
and I'll forget about whatever was undefined.

! Missing number, treated as zero.
<to be read again> 
                   \relax 
l.5 ...\textwidth]{../extras/survey-questions.pdf}
                                                  
A number should have been here; I inserted `0'.
(If you can't figure out why I needed to see a number,
look up `weird error' in the index to The TeXbook.)


! Package pdfpages Error: Page 1 of `\AM@currentdocname ' does not exist.

See the pdfpages package documentation for explanation.
Type  H <return>  for immediate help.
 ...                                              
                                                  
l.5 ...\textwidth]{../extras/survey-questions.pdf}
                                                  
You have set a wrong page number in the `pages' option. Document 
`\AM@currentdocname ' does not have 1 pages.

! Undefined control sequence.
\AM@checkpagenumber #1->\ifnum #1>\AM@pagecount 
                                                \relax \ifthenelse {\boolean...
l.5 ...\textwidth]{../extras/survey-questions.pdf}
                                                  
The control sequence at the end of the top line
of your error message was never \def'ed. If you have
misspelled it (e.g., `\hobx'), type `I' and the correct
spelling (e.g., `I\hbox'). Otherwise just continue,
and I'll forget about whatever was undefined.

! Missing number, treated as zero.
<to be read again> 
                   \relax 
l.5 ...\textwidth]{../extras/survey-questions.pdf}
                                                  
A number should have been here; I inserted `0'.
(If you can't figure out why I needed to see a number,
look up `weird error' in the index to The TeXbook.)

! Missing number, treated as zero.
<to be read again> 
                   }
l.5 ...\textwidth]{../extras/survey-questions.pdf}
                                                  
A number should have been here; I inserted `0'.
(If you can't figure out why I needed to see a number,
look up `weird error' in the index to The TeXbook.)

! Illegal unit of measure (pt inserted).
<to be read again> 
                   }
l.5 ...\textwidth]{../extras/survey-questions.pdf}
                                                  
Dimensions can be in units of em, ex, in, pt, pc,
cm, mm, dd, cc, nd, nc, bp, or sp; but yours is a new one!
I'll assume that you meant to say pt, for printer's points.
To recover gracefully from this error, it's best to
delete the erroneous units; e.g., type `2' to delete
two letters. (See Chapter 27 of The TeXbook.)

[55]
Appendix B.

Overfull \hbox (17.86pt too wide) in paragraph at lines 38--44
[]\T1/qpl/m/n/12 (-20) The re-sult-ing out-put con-tains one ini-tial-iza-tion 
seg-ment (\T1/lmtt/c/it/12 *_-init.mp4\T1/qpl/m/n/12 (-20) ),
 []


Overfull \hbox (10.18477pt too wide) in paragraph at lines 46--49
\T1/qpl/m/n/12 (-20) Three CLI tools are used in the pro-cess-ing pipeline: FFm
-peg for Transcod-
 []


Underfull \vbox (badness 6876) has occurred while \output is active []


Underfull \vbox (badness 6876) has occurred while \output is active []

 [56]
[57]
Overfull \hbox (2.38826pt too wide) in paragraph at lines 90--94
[]\T1/qpl/m/n/12 (-20) In this im-ple-men-ta-tion, the loss-less FLAC codec and
 lossy AAC/HE-
 []

[58]
Overfull \hbox (18.73402pt too wide) in paragraph at lines 132--136
\T1/qpl/m/n/12 (-20) dis-tin-guish be-tween two en-cod-ing strate-gies: Con-sta
nt Bi-trate (CBR) [[]105[]]
 []

[59]
\pydata@fh@0=\write14
\openout14 = `_2EF71E68B4AD97F630480BCEBC1842FB.data.minted'.

runsystem(latexminted config  --timestamp 20260513211433 2EF71E68B4AD97F630480B
CEBC1842FB)...executed.

 (./_2EF71E68B4AD97F630480BCEBC1842FB.config.minted)
runsystem(latexminted cleanconfig  --timestamp 20260513211433 2EF71E68B4AD97F63
0480BCEBC1842FB)...executed.


(./_minted/default.style.minted)
(./_minted/E8BFD4EA0552731A86839CD36CCD1504.highlight.minted
LaTeX Font Info:    Font shape `U/msa/m/n' will be
(Font)              scaled to size 5.21004pt on input line 3.
LaTeX Font Info:    Font shape `U/msb/m/n' will be
(Font)              scaled to size 5.21004pt on input line 3.
) [60] [61]
[62{/usr/local/texlive/2026/texmf-dist/fonts/enc/dvips/base/8r.enc}]
(./_minted/0EA45CB16670B63CACEFDA176D3428B4.highlight.minted [63])
Overfull \hbox (2.35051pt too wide) in paragraph at lines 340--343
[]\T1/lmtt/c/it/12 -af "..." \T1/qpl/m/n/12 (-20) ap-plies the au-dio fil-ter g
raph for nor-mal-iza-tion (chan-
 []


Overfull \hbox (37.35728pt too wide) in paragraph at lines 349--352
[]\T1/lmtt/c/it/12 -movflags +fast-start \T1/qpl/m/n/12 (-20) moves the MP4 met
a-data (the \T1/lmtt/c/it/12 moov \T1/qpl/m/n/12 (-20) atom [[]108[]])
 []

(./_minted/3F0E912DF36B4DE6D2E645C83B2F561F.highlight.minted
LaTeX Font Info:    Trying to load font information for TS1+lmtt on input line 
3.

(/usr/local/texlive/2026/texmf-dist/tex/latex/lm/ts1lmtt.fd
File: ts1lmtt.fd 2015/05/01 v1.6.1 Font defs for Latin Modern
)
Package microtype Info: Loading generic protrusion settings for font family
(microtype)             `lmtt' (encoding: TS1).
(microtype)             For optimal results, create family-specific settings.
(microtype)             See the microtype manual for details.
Package microtype Info: Character `texttrademark ' is missing
(microtype)             in font `TS1/lmtt/m/n/10.95'.
(microtype)             Ignoring protrusion settings for this character.
 [64{/usr/local/texlive/2026/texmf-dist/fonts/enc/dvips/lm/lm-ts1.enc}])
Overfull \hbox (24.06128pt too wide) in paragraph at lines 386--388
[]\T1/lmtt/c/it/12 init_-seg-ment=<path> \T1/qpl/m/n/12 (-20) sets the out-put 
path for the CMAF/fMP4
 []


Overfull \hbox (38.82555pt too wide) in paragraph at lines 391--394
[]\T1/lmtt/c/it/12 playlist_-name=<name> \T1/qpl/m/n/12 (-20) sets the file nam
e of the per-representation
 []


Overfull \hbox (0.6572pt too wide) in paragraph at lines 405--407
[]\T1/lmtt/c/it/12 --hls_-mas-ter_-playlist_-out-put=<path> \T1/qpl/m/n/12 (-20
) sets the out-put path for
 []

[65] (./_minted/592A8BDDE4A234516984881B262C05EF.highlight.minted) [66]
Appendix C.
<diagrams/UseCasesAccount.png, id=1261, 610.28pt x 472.76625pt>
File: diagrams/UseCasesAccount.png Graphic file (type png)
<use diagrams/UseCasesAccount.png>
Package pdftex.def Info: diagrams/UseCasesAccount.png  used on input line 444.
(pdftex.def)             Requested size: 289.08109pt x 223.95313pt.
<diagrams/UseCasesSocial.png, id=1262, 387.4475pt x 483.8075pt>
File: diagrams/UseCasesSocial.png Graphic file (type png)
<use diagrams/UseCasesSocial.png>
Package pdftex.def Info: diagrams/UseCasesSocial.png  used on input line 450.
(pdftex.def)             Requested size: 289.08109pt x 360.97963pt.
<diagrams/UseCasesLibrary.png, id=1263, 486.81876pt x 1150.2975pt>
File: diagrams/UseCasesLibrary.png Graphic file (type png)
<use diagrams/UseCasesLibrary.png>
Package pdftex.def Info: diagrams/UseCasesLibrary.png  used on input line 456.
(pdftex.def)             Requested size: 289.08109pt x 683.05768pt.

LaTeX Warning: Float too large for page by 161.05766pt on input line 459.

<diagrams/UseCasesPlayback.png, id=1264, 374.39874pt x 874.26625pt>
File: diagrams/UseCasesPlayback.png Graphic file (type png)
<use diagrams/UseCasesPlayback.png>
Package pdftex.def Info: diagrams/UseCasesPlayback.png  used on input line 462.

(pdftex.def)             Requested size: 289.08109pt x 675.06807pt.

LaTeX Warning: Float too large for page by 153.06805pt on input line 465.

<diagrams/UseCasesSearch.png, id=1265, 483.8075pt x 374.39874pt>
File: diagrams/UseCasesSearch.png Graphic file (type png)
<use diagrams/UseCasesSearch.png>
Package pdftex.def Info: diagrams/UseCasesSearch.png  used on input line 468.
(pdftex.def)             Requested size: 289.08109pt x 223.71548pt.
<diagrams/UseCasesCommunication.png, id=1266, 872.25874pt x 872.25874pt>
File: diagrams/UseCasesCommunication.png Graphic file (type png)
<use diagrams/UseCasesCommunication.png>
Package pdftex.def Info: diagrams/UseCasesCommunication.png  used on input line
 474.
(pdftex.def)             Requested size: 289.08109pt x 289.07076pt.
[67 <./diagrams/UseCasesAccount.png>] [68 <./diagrams/UseCasesSocial.png>]
[69 <./diagrams/UseCasesLibrary.png>] [70 <./diagrams/UseCasesPlayback.png>]
[71 <./diagrams/UseCasesSearch.png>] [72 <./diagrams/UseCasesCommunication.png>
]
<diagrams/FrontendComponentHierarchy.png, id=1299, 2351.78625pt x 1404.24625pt>

File: diagrams/FrontendComponentHierarchy.png Graphic file (type png)
<use diagrams/FrontendComponentHierarchy.png>
Package pdftex.def Info: diagrams/FrontendComponentHierarchy.png  used on input
 line 483.
(pdftex.def)             Requested size: 457.60963pt x 273.25pt.
 [73

] [74 <./diagrams/FrontendComponentHierarchy.png>]
<diagrams/WsCacheInvalidation.png, id=1310, 1100.11pt x 1021.8175pt>
File: diagrams/WsCacheInvalidation.png Graphic file (type png)
<use diagrams/WsCacheInvalidation.png>
Package pdftex.def Info: diagrams/WsCacheInvalidation.png  used on input line 4
92.
(pdftex.def)             Requested size: 343.28139pt x 318.84944pt.
 [75

 <./diagrams/WsCacheInvalidation.png (PNG copy)>]
<charts/age.png, id=1315, 256.5585pt x 165.4983pt>
File: charts/age.png Graphic file (type png)
<use charts/age.png>
Package pdftex.def Info: charts/age.png  used on input line 501.
(pdftex.def)             Requested size: 289.08109pt x 186.49571pt.
<charts/song amount month.png, id=1316, 650.43pt x 433.62pt>
File: charts/song amount month.png Graphic file (type png)
<use charts/song amount month.png>
Package pdftex.def Info: charts/song amount month.png  used on input line 507.
(pdftex.def)             Requested size: 327.89388pt x 218.59666pt.
<charts/listening regularity.png, id=1317, 650.43pt x 433.62pt>
File: charts/listening regularity.png Graphic file (type png)
<use charts/listening regularity.png>
Package pdftex.def Info: charts/listening regularity.png  used on input line 51
3.
(pdftex.def)             Requested size: 327.89388pt x 218.59666pt.
<charts/constumption_method.png, id=1318, 1353.1353pt x 649.7073pt>
File: charts/constumption_method.png Graphic file (type png)
<use charts/constumption_method.png>
Package pdftex.def Info: charts/constumption_method.png  used on input line 519
.
(pdftex.def)             Requested size: 455.24913pt x 218.59666pt.

Overfull \hbox (93.89914pt too wide) in paragraph at lines 519--520
 [][] 
 []

<charts/streaming platform.png, id=1319, 650.43pt x 433.62pt>
File: charts/streaming platform.png Graphic file (type png)
<use charts/streaming platform.png>
Package pdftex.def Info: charts/streaming platform.png  used on input line 525.

(pdftex.def)             Requested size: 327.89388pt x 218.59666pt.
<charts/listen together method.png, id=1320, 650.43pt x 433.62pt>
File: charts/listen together method.png Graphic file (type png)
<use charts/listen together method.png>
Package pdftex.def Info: charts/listen together method.png  used on input line 
531.
(pdftex.def)             Requested size: 327.89388pt x 218.59666pt.
<charts/listen together freq.png, id=1321, 467.346pt x 163.812pt>
File: charts/listen together freq.png Graphic file (type png)
<use charts/listen together freq.png>
Package pdftex.def Info: charts/listen together freq.png  used on input line 53
7.
(pdftex.def)             Requested size: 361.34999pt x 126.65802pt.
<charts/share freq.png, id=1322, 463.9734pt x 163.812pt>
File: charts/share freq.png Graphic file (type png)
<use charts/share freq.png>
Package pdftex.def Info: charts/share freq.png  used on input line 543.
(pdftex.def)             Requested size: 361.34999pt x 127.58037pt.
<charts/share method.png, id=1323, 650.43pt x 433.62pt>
File: charts/share method.png Graphic file (type png)
<use charts/share method.png>
Package pdftex.def Info: charts/share method.png  used on input line 549.
(pdftex.def)             Requested size: 327.89388pt x 218.59666pt.
) [76

 <./charts/age.png>] [77 <./charts/song amount month.png> <./charts/listening r
egularity.png>] [78 <./charts/constumption_method.png> <./charts/streaming plat
form.png>] [79 <./charts/listen together method.png> <./charts/listen together 
freq.png>] [80 <./charts/share freq.png> <./charts/share method.png>]
[81]
Underfull \hbox (badness 2717) in paragraph at lines 115--115
\T1/lmtt/c/it/12 664508917489819 ? helpref = faq _ content$[] \T1/qpl/m/n/12 (+
20) (vis-ited on
 []


Underfull \hbox (badness 5607) in paragraph at lines 115--115
[]\T1/qpl/m/n/12 (+20) Beng Chin Ooi Quang Hieu Vu Mi-hai Lupu. \T1/qpl/m/it/12
 (+20) Peer-to-
 []


Underfull \hbox (badness 3199) in paragraph at lines 115--115
\T1/qpl/m/it/12 (+20) Peer Com-put-ing: Prin-ci-ples and Ap-pli-ca-tions\T1/qpl
/m/n/12 (+20) . \T1/qpl/m/sc/12 (+20) url\T1/qpl/m/n/12 (+20) : []$\T1/lmtt/c/i
t/12 https :
 []

[82]
Underfull \hbox (badness 1303) in paragraph at lines 115--115
\T1/lmtt/c/it/12 com / en / 5 . 2 / topics / http / sessions/$[] \T1/qpl/m/n/12
 (+20) (vis-ited on
 []


Underfull \hbox (badness 4713) in paragraph at lines 115--115
[]\T1/qpl/m/it/12 (+20) Generic Event De-liv-ery Us-ing HTTP Push\T1/qpl/m/n/12
 (+20) . \T1/qpl/m/sc/12 (+20) url\T1/qpl/m/n/12 (+20) : []$\T1/lmtt/c/it/12 ht
tps :
 []

[83]
Underfull \hbox (badness 3746) in paragraph at lines 115--115
\T1/lmtt/c/it/12 org / docs / current / textsearch . html$[] \T1/qpl/m/n/12 (+2
0) (vis-ited on
 []


Overfull \hbox (2.24815pt too wide) in paragraph at lines 115--115
[]\T1/qpl/m/it/12 (-20) Django Post-greSQL Sup-port\T1/qpl/m/n/12 (-20) . \T1/q
pl/m/sc/12 (-20) url\T1/qpl/m/n/12 (-20) : []$\T1/lmtt/c/it/12 https : / / docs
 . djangoproject .
 []


Underfull \hbox (badness 1303) in paragraph at lines 115--115
\T1/lmtt/c/it/12 com / en / 5 . 2 / ref / contrib / postgres/$[] \T1/qpl/m/n/12
 (+20) (vis-ited on
 []

[84]
Underfull \hbox (badness 1337) in paragraph at lines 115--115
\T1/lmtt/c/it/12 questions / tagged / reactjs ? tab = Newest$[] \T1/qpl/m/n/12 
(+20) (vis-ited on
 []


Underfull \hbox (badness 1038) in paragraph at lines 115--115
[]\T1/qpl/m/it/12 (+20) uv\T1/qpl/m/n/12 (+20) . \T1/qpl/m/sc/12 (+20) url\T1/q
pl/m/n/12 (+20) : []$\T1/lmtt/c/it/12 https : / / docs . astral . sh / uv/$[] \
T1/qpl/m/n/12 (+20) (vis-ited on
 []

[85]
Underfull \hbox (badness 1968) in paragraph at lines 115--115
\T1/qpl/m/it/12 (+20) de-vices. Bi-trate rec-om-men-da-tions, sec-tion 2.25. \T
1/qpl/m/sc/12 (+20) url\T1/qpl/m/n/12 (+20) : []$\T1/lmtt/c/it/12 https :
 []


Underfull \hbox (badness 1009) in paragraph at lines 115--115
\T1/lmtt/c/it/12 questions / 65205 / linked -[] list -[] in -[] sql$[] \T1/qpl/
m/n/12 (+20) (vis-ited on
 []


Underfull \hbox (badness 2150) in paragraph at lines 115--115
[]\T1/qpl/m/it/12 (+20) Caddy\T1/qpl/m/n/12 (+20) . \T1/qpl/m/sc/12 (+20) url\T
1/qpl/m/n/12 (+20) : []$\T1/lmtt/c/it/12 https : / / caddyserver . com/$[] \T1/
qpl/m/n/12 (+20) (vis-ited on
 []

[86]
Underfull \hbox (badness 1087) in paragraph at lines 115--115
\T1/lmtt/c/it/12 http -[] live -[] streaming / about -[] the -[] common -[] med
ia -[]
 []


Underfull \hbox (badness 1221) in paragraph at lines 115--115
[]\T1/qpl/m/it/12 (+20) HTTP Live Stream-ing (HLS) au-thor-ing spec-i-fi-ca-tio
n for Ap-
 []

[87] [88]
\openout14 = `_2EF71E68B4AD97F630480BCEBC1842FB.data.minted'.

runsystem(latexminted clean  --timestamp 20260513211433 2EF71E68B4AD97F630480BC
EBC1842FB)...executed.

 (./thesis.aux)
 ***********
LaTeX2e <2025-11-01>
L3 programming layer <2020/03/25>
 ***********


LaTeX Font Warning: Some font shapes were not available, defaults substituted.


LaTeX Warning: There were undefined references.


LaTeX Warning: Label(s) may have changed. Rerun to get cross-references right.


Package rerunfilecheck Warning: File `thesis.out' has changed.
(rerunfilecheck)                Rerun to get outlines right
(rerunfilecheck)                or use package `bookmark'.

Package rerunfilecheck Info: Checksums for `thesis.out':
(rerunfilecheck)             Before: 4A52C8BED1742808037C9465AF597CF3;7597
(rerunfilecheck)             After:  9439CB75EBBA1AF2A7A5EF54CAC449DD;7649.

Package biblatex Warning: Please rerun LaTeX.

Package logreq Info: Writing requests to 'thesis.run.xml'.
\openout1 = `thesis.run.xml'.

 ) 
Here is how much of TeX's memory you used:
 48227 strings out of 467525
 976076 string characters out of 5418982
 1957370 words of memory out of 5000000
 75643 multiletter control sequences out of 15000+600000
 725742 words of font info for 258 fonts, out of 8000000 for 9000
 1143 hyphenation exceptions out of 8191
 99i,10n,123p,1183b,2457s stack positions out of 10000i,1000n,20000p,200000b,200000s
</usr/local/texlive/2026/texmf-dist/fonts/type1/public/amsfonts/cm/cmmi10.pfb
></usr/local/texlive/2026/texmf-dist/fonts/type1/public/amsfonts/cm/cmsy10.pfb>
</usr/local/texlive/2026/texmf-dist/fonts/type1/public/lm/lmtk10.pfb></usr/loca
l/texlive/2026/texmf-dist/fonts/type1/public/lm/lmtt10.pfb></usr/local/texlive/
2026/texmf-dist/fonts/type1/public/lm/lmtt12.pfb></usr/local/texlive/2026/texmf
-dist/fonts/type1/public/tex-gyre/qhvb.pfb></usr/local/texlive/2026/texmf-dist/
fonts/type1/public/tex-gyre/qhvr.pfb></usr/local/texlive/2026/texmf-dist/fonts/
type1/public/tex-gyre/qplb.pfb></usr/local/texlive/2026/texmf-dist/fonts/type1/
public/tex-gyre/qplr.pfb></usr/local/texlive/2026/texmf-dist/fonts/type1/public
/tex-gyre/qplri.pfb></usr/local/texlive/2026/texmf-dist/fonts/type1/urw/palatin
o/uplr8a.pfb>
Output written on thesis.pdf (100 pages, 2657850 bytes).
PDF statistics:
 1726 PDF objects out of 1728 (max. 8388607)
 1548 compressed objects within 16 object streams
 361 named destinations out of 1000 (max. 500000)
 52718 words of extra memory for PDF output out of 61914 (max. 10000000)

